Jam_Belajar,Nilai
2.7,50.8
6.2,92.4
4.9,82.7
4.1,68.0
1.4,45.0
1.4,40.9
0.8,34.5
5.7,89.6
4.1,74.9
4.7,81.8
0.6,33.1
6.3,99.4
5.5,87.5
1.8,47.6
1.6,42.2
1.6,43.4
2.3,50.5
3.6,64.8
3.1,58.2
2.2,51.9
4.2,77.9
1.3,44.0
2.3,47.1
2.7,60.6
3.2,60.7
5.2,86.9
1.7,41.4
3.6,66.9
4.1,73.2
0.8,29.0
4.1,74.3
1.5,47.0
0.9,34.7
6.2,100.0
6.3,96.8
5.4,90.1
2.3,43.7
1.1,46.1
4.6,83.1
3.1,59.7
1.2,31.9
3.5,66.3
0.7,28.0
6.0,95.6
2.1,50.6
4.5,73.5
2.4,56.5
3.6,69.2
3.8,72.1
1.6,43.4
6.3,92.5
5.2,88.2
6.1,94.2
5.9,88.0
4.1,76.9
6.0,100.0
1.0,36.4
1.7,52.1
0.8,34.5
2.5,52.4
2.8,55.0
2.1,54.9
5.5,85.5
2.6,57.5
2.2,48.3
3.8,67.1
1.3,43.6
5.3,84.6
0.9,33.9
6.4,100.0
5.1,89.2
1.7,46.8
0.5,28.5
5.4,85.3
4.7,79.3
4.9,82.5
5.1,80.2
0.9,37.9
2.7,56.3
1.2,32.8
5.7,87.3
4.2,71.5
2.5,53.5
0.9,42.0
2.4,53.4
2.5,50.8
4.9,82.1
4.3,73.2
5.8,92.8
3.3,65.0
1.2,43.0
4.8,80.1
5.1,89.4
3.9,73.0
5.1,81.2
3.5,73.0
3.6,67.5
3.1,57.7
0.7,38.8
1.1,44.9
0.7,32.9
4.3,72.7
2.4,52.0
3.6,68.9
5.9,97.3
2.0,50.0
3.0,59.9
5.0,87.7
1.9,45.8
1.0,40.1
2.2,49.3
1.5,43.8
6.1,94.8
5.3,85.8
4.3,73.1
5.7,95.3
5.3,83.4
1.6,40.8
5.9,100.0
3.7,71.0
5.3,77.6
5.9,90.9
2.4,46.3
1.2,35.5
1.9,35.9
3.1,60.2
5.4,83.1
5.7,90.8
0.5,25.1
3.6,66.7
3.0,58.0
1.8,51.0
1.2,43.7
2.5,56.5
6.2,95.2
2.4,59.5
3.6,61.0
4.7,74.1
2.7,55.8
6.3,100.0
6.3,96.7
2.0,47.4
3.5,60.2
2.3,54.8
2.2,53.6
0.7,35.8
4.2,71.1
3.5,62.8
0.8,29.7
2.2,50.6
5.9,89.1
1.9,42.7
1.4,39.6
3.4,62.4
6.4,96.7
2.0,49.6
4.5,77.0
5.1,82.6
1.9,47.5
4.9,77.9
2.7,56.4
4.3,75.0
4.3,69.2
3.7,71.0
1.0,33.4
5.5,88.6
2.4,56.7
1.6,46.6
0.7,33.2
4.0,69.7
4.6,81.2
0.6,34.3
3.6,64.2
1.9,44.1
4.4,68.3
1.5,42.8
4.6,77.6
2.8,61.2
6.1,96.4
1.3,44.6
2.5,51.3
1.2,42.8
6.0,92.1
5.8,94.4
2.0,42.9
4.5,77.6
5.4,80.2
3.8,67.8
3.7,69.1
2.0,46.2
1.1,34.0
5.9,95.8
5.9,92.5
4.3,72.7
2.5,53.9
2.6,64.1
4.9,85.4
5.9,96.9
5.8,93.2
5.2,85.4
4.4,67.2
1.0,34.1
1.5,40.6
5.9,86.3
4.1,68.1
0.6,25.0
1.1,37.5
4.5,79.6
0.5,34.6
1.5,43.7
3.8,65.3
4.7,72.3
4.4,69.5
1.8,41.3
4.8,77.1
1.9,46.3
2.5,50.2
5.0,83.7
4.4,74.8
5.6,89.4
4.4,79.6
3.9,65.7
1.1,39.1
2.7,56.0
2.1,48.0
2.0,51.1
6.3,100.0
2.9,55.0
5.9,92.2
4.3,75.4
5.3,85.0
3.5,67.3
4.0,72.0
3.5,71.7
1.7,39.2
4.8,79.8
2.2,47.1
0.6,34.0
4.4,69.9
1.6,44.6
6.1,92.9
6.2,93.7
6.0,88.9
2.7,54.4
0.6,35.7
6.1,95.1
3.1,62.8
6.3,100.0
6.3,98.4
5.6,87.4
2.3,53.1
2.8,55.3
5.6,87.6
2.4,47.3
1.5,45.5
3.8,67.3
6.1,95.8
4.7,75.4
3.9,71.4
1.1,35.0
4.2,72.8
6.4,100.0
1.3,42.7
3.6,66.3
5.8,85.5
4.9,91.8
4.7,85.2
4.7,81.6
2.7,53.4
2.3,51.1
5.4,85.2
5.4,91.5
5.7,91.5
6.0,91.3
3.6,64.8
3.5,69.2
5.3,91.6
4.4,80.9
4.7,81.7
5.3,85.1
5.8,80.4
2.5,54.8
2.8,57.2
1.1,38.1
4.0,71.2
0.7,28.4
3.3,64.9
3.8,70.9
2.2,52.7
4.0,74.3
0.7,35.2
0.7,31.6
5.4,86.9
2.7,56.4
1.3,40.3
3.6,69.9
5.1,85.9
1.8,53.0
4.2,81.0
1.0,36.8
0.8,20.8
3.7,71.9
3.7,65.7
4.3,71.6
4.9,80.0
6.4,97.0
3.6,68.5
2.4,47.1
5.3,82.2
2.1,50.4
3.1,62.8
1.0,38.7
0.7,30.3
6.3,94.0
5.5,86.5
4.7,79.9
3.0,64.7
1.5,35.1
1.4,40.3
2.0,43.3
3.8,62.9
4.8,83.6
4.5,78.7
2.2,51.9
6.2,99.5
4.9,79.7
3.8,67.2
4.2,81.0
3.0,58.6
2.0,50.6
2.6,54.9
5.0,76.0
0.6,24.7
1.2,36.8
0.8,37.9
0.7,35.8
5.6,92.6
4.7,75.6
3.3,68.6
1.1,34.3
3.4,64.8
3.3,62.9
1.5,41.6
3.1,65.3
2.9,55.9
4.2,68.6
4.3,74.5
0.8,32.8
2.7,67.9
4.3,76.8
3.5,63.8
5.6,85.7
4.5,70.2
1.5,38.7
0.9,35.8
4.4,80.6
0.7,37.0
4.0,71.8
6.1,94.0
4.0,71.9
2.8,55.4
4.4,81.6
3.2,61.1
3.8,68.4
6.1,87.4
2.8,56.5
6.3,100.0
5.9,89.1
1.7,41.9
0.9,38.1
1.1,32.5
0.6,35.6
1.1,35.8
4.6,76.5
0.9,31.4
2.4,53.9
5.6,98.0
0.6,34.6
5.4,84.1
2.2,54.3
1.2,37.7
4.7,83.9
4.3,77.3
5.8,81.4
4.9,77.8
5.3,89.3
2.2,50.8
1.6,39.8
5.0,80.3
5.3,79.3
6.4,98.3
3.0,67.2
2.7,58.9
5.2,92.5
2.5,56.8
6.1,98.7
5.7,97.5
3.1,62.0
5.0,81.8
5.0,86.1
1.1,42.7
5.9,91.2
3.5,62.7
5.5,88.7
2.4,55.5
5.9,95.6
2.8,52.2
0.6,38.6
5.9,90.6
1.0,35.6
2.4,49.4
6.2,100.0
6.2,97.1
3.9,66.9
4.3,77.5
3.2,64.5
2.3,50.8
2.5,56.7
4.5,73.9
5.0,80.8
5.2,77.8
5.2,80.2
1.0,42.8
3.5,71.0
0.8,34.4
3.8,74.5
3.1,60.1
5.8,90.8
2.6,55.1
1.2,38.4
1.4,40.3
5.1,87.7
4.2,73.8
1.1,40.1
1.0,40.1
4.7,80.4
0.9,32.0
5.4,82.4
4.7,79.6
1.0,35.9
1.0,36.8
6.4,98.5
2.7,65.1
2.7,51.4
5.4,80.1
6.2,97.5
6.4,97.3
5.0,83.6
2.8,59.2
1.0,41.0
5.2,79.5
3.9,67.9
3.0,61.0
5.9,95.5
1.2,46.5
3.5,68.6
0.6,31.7
3.3,59.8
0.8,32.2
1.2,36.7
1.2,41.1
4.4,76.5
5.0,77.9
4.0,69.5
6.3,100.0
2.7,57.3
2.2,52.3
5.7,91.9
1.8,51.4
6.3,98.3
0.6,30.5
6.3,94.2
0.8,35.1
5.8,83.2
3.7,66.9
6.5,99.0
0.9,30.6
3.8,65.5
6.3,100.0
3.6,67.2
4.3,74.8
4.7,80.1
3.2,62.1
4.3,78.8
4.0,71.4
5.9,87.7
0.8,39.9
2.2,51.6
6.2,94.2
5.8,87.3
3.2,63.2
4.2,72.9
2.2,55.8
1.6,42.2
3.3,60.0
2.6,58.0
4.0,74.2
1.0,37.1
6.3,99.8
6.4,98.5
4.7,79.9
3.7,71.6
2.4,54.8
5.4,86.5
4.6,82.6
1.5,34.0
6.0,100.0
5.4,81.1
6.2,94.1
4.9,81.2
4.2,72.8
3.0,63.0
6.1,91.4
5.7,91.5
0.8,32.2
0.7,34.1
2.8,57.0
5.4,87.4
6.4,96.7
1.4,39.3
4.1,73.2
2.8,60.5
6.3,95.4
5.6,86.4
5.5,90.4
3.3,62.8
3.0,62.4
2.1,46.0
0.8,28.0
5.7,88.7
5.4,84.4
6.5,99.5
6.5,97.5
3.8,71.3
5.1,82.6
6.2,96.8
5.6,90.0
2.0,48.7
3.2,61.7
1.3,41.7
6.2,93.5
4.1,77.0
1.9,46.0
4.5,72.2
4.2,74.0
2.6,51.9
1.2,41.1
4.5,84.5
3.6,63.6
5.1,84.8
3.6,60.3
5.6,91.0
3.8,65.6
3.9,67.7
5.8,87.8
2.9,60.9
1.3,43.5
0.7,33.1
5.0,79.5
4.2,78.9
4.7,76.4
1.8,38.1
1.3,41.6
0.6,28.0
2.6,58.4
4.0,69.7
2.9,60.5
3.1,65.6
5.9,88.6
2.6,52.9
3.6,66.1
5.2,90.2
2.9,56.0
4.2,71.2
5.7,92.2
6.2,94.3
1.4,41.6
6.1,89.7
3.5,73.0
2.0,43.3
3.3,61.8
6.4,98.5
3.5,71.9
2.5,49.1
4.3,81.4
1.9,49.5
1.0,38.0
1.3,36.5
1.3,41.9
1.4,38.6
1.3,44.4
4.3,71.1
1.6,43.0
2.6,53.0
5.9,89.4
3.3,65.5
4.5,78.6
1.5,46.5
1.7,38.3
0.7,36.8
1.5,51.0
2.2,48.7
1.6,50.0
1.0,35.6
1.2,34.0
3.3,61.9
1.7,48.2
2.7,53.1
3.5,63.1
4.6,80.0
0.7,33.1
5.3,88.0
4.3,75.3
1.0,38.2
5.7,89.0
6.0,94.8
0.9,32.1
2.2,54.8
5.3,83.7
5.0,86.5
1.6,42.6
1.8,46.4
2.7,54.3
3.4,60.5
4.2,67.2
2.7,52.4
3.3,61.8
5.0,83.2
0.7,36.6
2.0,46.4
4.8,77.1
5.9,87.8
3.6,68.1
3.7,72.4
1.1,42.1
3.2,64.3
3.7,69.8
2.0,53.9
2.1,50.3
2.8,59.5
0.6,30.8
2.4,47.8
1.8,43.3
2.5,53.7
1.2,39.0
5.8,98.4
4.1,72.4
4.6,82.0
5.2,83.3
3.5,64.2
1.0,31.8
3.7,65.0
4.0,72.8
5.0,82.5
3.1,64.0
1.3,40.6
2.2,49.1
2.7,63.6
4.4,75.3
3.9,73.9
2.6,53.5
6.4,100.0
4.1,75.4
1.9,47.6
1.1,29.4
1.4,41.2
2.0,52.3
1.5,44.1
1.6,45.0
2.2,44.3
1.5,39.7
5.9,94.3
1.0,37.9
3.6,70.7
3.0,59.0
6.4,100.0
1.2,38.9
2.9,54.9
6.3,89.6
5.7,92.1
5.4,87.7
2.0,45.8
1.5,36.6
4.5,79.0
6.1,94.2
3.8,70.6
3.9,76.4
2.2,42.8
5.1,81.2
1.6,42.7
2.4,57.7
3.1,54.9
3.5,72.0
2.0,48.5
1.2,38.5
4.2,72.6
2.2,48.8
4.0,74.7
1.4,37.4
3.4,65.3
3.7,66.2
0.8,31.5
2.5,62.8
1.3,41.4
0.9,37.5
6.4,100.0
2.4,47.6
5.4,93.2
2.0,39.2
4.6,75.2
5.1,82.0
4.1,74.2
3.3,63.7
3.0,58.9
2.6,54.9
6.1,91.7
5.5,83.0
6.3,100.0
1.2,41.2
4.9,86.9
6.1,92.4
1.6,45.8
0.9,34.4
4.9,85.5
3.9,73.4
5.6,90.1
1.3,38.8
5.3,89.3
1.7,46.8
1.5,39.9
1.5,37.6
5.4,86.1
4.5,82.1
3.6,70.4
2.7,52.2
5.8,87.6
2.9,62.8
5.4,83.1
3.1,62.4
2.8,55.0
3.3,68.6
2.3,48.8
5.0,86.5
3.5,65.9
1.9,47.7
5.9,86.0
2.8,49.5
3.8,67.9
5.9,93.7
4.2,69.4
1.2,35.0
6.1,97.1
4.3,76.4
2.5,53.3
1.3,42.7
5.3,81.8
4.2,72.1
3.7,73.3
5.9,93.1
5.2,85.2
1.4,49.2
2.4,47.7
2.0,50.8
5.0,88.3
0.7,31.9
3.9,72.9
5.1,80.2
5.8,89.3
2.6,56.2
5.4,89.9
1.2,42.7
5.6,94.9
1.3,39.7
2.9,62.5
5.3,84.8
1.4,44.3
1.9,47.6
4.8,81.8
4.8,81.7
4.3,68.8
4.7,75.1
3.8,69.1
2.0,42.1
2.6,57.8
1.6,46.5
6.0,95.1
4.0,67.1
2.9,63.2
3.3,70.1
6.2,96.8
1.4,42.9
4.0,71.7
3.5,67.1
4.2,72.9
0.6,31.8
5.7,93.7
6.1,100.0
3.9,64.9
4.7,78.7
6.0,89.9
4.7,84.6
1.4,39.0
4.0,65.9
4.1,74.4
3.0,65.6
4.9,83.7
6.1,95.9
6.1,96.6
3.2,66.8
1.2,35.7
6.4,98.2
5.5,86.7
1.2,34.7
6.0,92.9
5.7,94.4
3.6,68.4
4.0,73.3
2.9,58.9
0.8,36.0
2.5,50.9
5.3,84.9
0.5,31.4
2.5,54.7
2.9,59.5
3.7,67.1
6.0,92.7
2.6,66.0
2.6,58.1
4.9,82.8
3.2,61.0
1.8,44.1
3.2,61.3
1.3,41.0
1.6,36.8
3.5,59.8
3.0,57.3
6.0,94.7
2.7,55.2
4.0,76.2
4.3,69.3
0.6,29.3
4.5,82.1
1.6,43.9
6.3,100.0
1.4,48.3
3.0,57.1
1.0,36.2
6.5,98.8
3.5,58.4
4.1,71.1
0.9,38.4
5.0,84.4
1.8,47.9
5.9,91.5
1.7,42.3
1.6,47.8
0.7,31.3
3.3,64.0
3.9,70.4
0.9,40.5
5.2,88.2
3.2,57.3
3.6,62.2
3.1,62.7
2.9,58.1
3.9,68.3
1.4,44.7
1.6,44.1
5.7,90.7
6.2,99.0
2.7,54.7
2.1,54.6
4.4,72.8
3.0,61.8
0.7,38.1
1.4,36.3
4.8,79.0
4.5,80.7
0.7,37.1
1.8,45.1
1.9,44.3
4.5,80.1
0.6,36.0
1.1,33.6
5.3,81.7
1.6,44.2
4.4,77.8
1.9,45.8
1.1,40.0
2.0,45.5
4.8,72.8
5.6,87.9
5.5,88.5
2.9,57.4
4.5,72.7
1.7,38.2
2.3,49.7
5.9,96.0
0.6,36.3
1.0,40.7
1.7,41.7
0.7,29.0
1.6,45.1
4.0,73.2
3.0,60.9
5.9,85.8
5.4,84.1
2.6,54.8
2.1,50.9
2.8,59.9
4.0,71.5
2.1,50.3
4.2,73.6
3.0,61.9
3.8,69.8
3.1,60.9
2.3,50.5
6.2,96.6
5.1,85.3
1.3,40.9
5.7,91.9
3.4,68.8
5.9,93.8
5.3,83.7
3.1,63.7
0.6,27.1
2.1,45.4
3.7,68.7
4.3,76.3
2.0,43.6
1.3,38.6
5.5,86.1
6.4,96.9
3.7,70.9
1.5,44.7
2.1,49.1
0.6,30.0
6.0,89.3
1.2,43.8
4.0,73.1
2.1,46.7
3.8,71.2
4.4,75.4
5.5,87.2
1.7,46.1
0.6,29.3
1.3,38.7
5.9,93.3
5.7,88.8
4.1,74.5
4.1,78.7
4.5,74.1
1.6,37.6
6.0,87.0
3.0,59.0
2.8,54.9
3.6,67.1
0.8,34.7
1.5,36.6
4.9,75.0
1.0,37.5
4.1,72.6
2.0,46.5
2.8,51.4
2.2,51.9
2.6,59.4
4.8,81.2
2.3,48.5
3.9,70.0
3.4,59.3
4.5,80.5
6.1,95.4
4.9,75.2
1.8,44.6
0.7,34.7
2.1,48.0
4.1,71.2
0.8,29.9
3.5,67.2
4.1,69.9
2.5,46.2
5.1,82.4
1.1,41.1
1.0,35.1
4.9,87.4
3.5,66.8
4.6,79.1
3.1,60.2
2.0,47.8
5.4,86.2
5.3,84.9
4.7,80.9
2.1,45.9
4.0,67.2
2.7,52.1
1.0,43.7
6.0,95.9
1.3,41.0
6.2,92.6
3.2,64.0
1.6,43.0
3.8,69.4
5.7,87.1
4.9,81.9
5.3,84.5
4.5,74.1
4.7,81.6
5.6,84.0
2.0,50.0
3.4,66.5
1.8,42.6
6.4,95.7
6.2,95.5
0.7,34.0
4.7,78.5
6.1,96.7
1.6,49.6
3.9,68.1
6.0,88.0
0.7,35.9
4.7,84.9
2.3,52.8
6.0,90.2
6.3,97.0
6.2,92.4
3.3,65.2
5.7,85.8
5.6,88.3
2.4,49.1
5.5,88.7
0.7,31.8
4.1,72.8
1.9,46.9
1.2,35.3
1.0,38.7
4.7,78.9
2.5,50.3
4.8,88.0
0.9,37.0
2.4,52.1
3.7,72.5
5.2,91.2
2.4,52.1
4.3,75.7
5.8,88.2
4.2,72.8
1.9,46.2
0.6,32.5
5.7,91.7
0.6,33.9
5.7,91.4
3.7,63.3
6.1,91.9
5.3,84.0
6.5,98.8
2.6,58.6
5.1,79.6
2.9,57.1
3.4,67.4
4.3,73.4
5.7,92.2
6.4,98.1
5.1,84.5
3.0,58.7
3.0,61.8
4.9,75.9
1.9,45.6
1.2,39.8
2.6,56.8
2.2,55.5
2.3,50.1
1.9,52.0
0.8,31.9
0.6,36.6
6.4,100.0
3.1,57.5
2.8,58.3
4.6,77.7
1.8,47.9
6.2,95.5
5.2,83.7
1.0,41.3
3.0,59.2
5.8,94.6
6.2,95.5
3.3,68.8
4.2,70.9
1.5,40.1
6.4,100.0
1.9,45.3
6.2,100.0
4.4,78.7
4.1,71.6
3.6,60.1
1.9,46.8
1.6,43.8
1.8,49.8
1.6,49.0
5.2,82.4
2.6,57.7
0.8,36.9
6.3,100.0
5.8,93.4
6.1,88.4
6.5,99.2
1.5,38.2
2.9,57.6
5.0,85.9
4.7,80.1
1.4,45.1
5.4,88.3
1.8,41.2
1.8,36.9
3.7,68.1
4.1,71.4
4.0,67.6
1.0,30.5
5.8,89.1
2.1,48.5
1.3,42.3
5.8,92.4
6.2,100.0
5.7,86.9
5.4,90.2
4.4,75.8
3.8,71.1
1.0,35.0
3.0,63.3
2.7,57.1
2.1,46.8
4.8,80.2
3.5,64.4
1.0,38.2
1.8,41.6
4.6,77.8
1.0,37.9
5.6,89.5
3.5,70.0
3.4,66.8
4.1,72.1
5.4,87.9
2.6,55.9
4.6,79.3
3.9,63.5
2.1,48.1
5.8,86.5
5.3,90.4
4.5,76.5
5.6,88.7
5.7,93.7
4.8,81.7
5.5,84.3
4.7,78.8
4.6,76.7
4.2,67.2
5.0,80.1
1.5,41.6
5.8,91.3
5.7,85.4
0.7,37.1
5.5,87.9
1.3,40.1
2.5,55.2
5.0,79.7
1.5,43.8
5.4,85.8
5.5,85.1
3.5,67.3
0.5,36.0
2.2,52.8
4.2,76.5
6.4,96.8
4.3,68.9
2.1,54.4
4.3,81.6
3.7,72.9
5.2,83.6
1.1,33.6
5.1,79.9
3.7,61.7
6.3,97.1
2.6,60.5
4.3,74.0
6.1,96.2
1.1,42.5
6.1,93.7
4.6,85.0
0.9,42.3
2.3,51.0
4.7,77.0
0.9,37.8
4.0,69.8
2.6,50.9
4.2,77.8
0.8,38.5
5.7,91.1
6.3,93.0
6.3,93.1
5.0,82.9
1.3,38.2
5.0,81.3
0.6,35.5
0.6,34.5
2.4,57.4
3.4,60.6
5.1,82.4
4.6,80.6
3.2,63.4
2.1,54.5
6.5,100.0
3.1,67.1
3.2,63.7
1.5,46.0
5.3,84.8
4.7,79.1
1.8,48.9
1.0,42.1
4.6,80.5
4.4,75.3
2.1,54.0
6.2,88.6
1.4,36.1
3.1,63.0
6.2,96.3
3.0,61.6
4.3,74.7
2.9,60.3
2.1,46.3
6.4,100.0
3.0,63.0
5.9,97.1
1.9,53.9
1.8,46.6
0.7,34.0
4.4,70.3
2.7,54.2
5.7,89.9
3.3,66.6
6.3,95.3
1.6,46.2
5.7,90.5
5.2,84.2
5.1,84.5
5.6,88.0
5.1,82.1
4.3,68.5
1.3,39.1
0.7,31.4
6.0,92.2
4.2,74.8
5.3,88.3
3.4,64.9
1.2,42.3
1.3,42.0
4.6,76.9
3.1,59.0
1.7,45.6
3.4,66.1
0.9,40.2
4.0,75.2
2.1,47.3
5.3,85.6
2.4,54.9
3.2,65.5
0.6,35.2
0.9,35.1
2.9,54.0
3.4,60.6
4.1,73.1
2.2,51.5
4.7,75.2
5.7,90.7
5.2,87.0
0.7,29.0
3.4,68.0
1.1,36.3
2.0,52.4
6.4,96.7
1.4,37.5
3.5,63.6
4.2,73.0
4.7,77.7
3.9,69.1
0.6,33.1
2.5,53.2
3.6,66.2
1.0,30.5
2.6,56.3
0.7,32.7
1.0,42.1
2.9,55.1
1.3,33.6
3.9,72.0
4.6,79.1
5.3,82.4
1.7,39.2
1.5,47.6
1.1,42.6
4.3,65.7
4.7,77.4
0.7,38.9
6.1,93.5
0.8,32.5
3.7,66.6
4.8,76.3
5.7,84.6
4.8,83.9
5.3,79.5
2.5,54.6
5.4,90.2
1.0,31.4
5.9,89.6
3.8,72.9
5.4,89.0
3.2,59.6
4.4,79.8
3.7,71.8
4.9,82.3
1.0,33.3
0.9,33.9
2.0,49.0
1.5,41.6
5.7,93.8
1.8,40.3
6.4,93.4
2.5,54.4
1.6,41.7
5.2,82.6
4.5,70.6
3.5,65.3
3.8,68.5
4.8,82.5
1.9,47.1
6.5,99.3
6.3,100.0
4.4,71.0
1.7,46.4
4.6,72.1
0.9,32.4
0.7,28.8
2.0,50.7
3.3,62.7
5.7,90.5
4.9,77.5
5.0,81.5
3.1,58.0
2.6,56.2
2.7,52.6
6.4,100.0
0.7,27.2
5.7,87.7
4.0,76.9
3.1,59.1
4.9,76.7
3.4,64.9
5.7,88.9
5.9,89.9
3.0,55.7
2.2,60.0
4.1,71.3
6.0,87.3
1.8,50.9
4.2,75.4
4.3,71.8
4.9,78.1
1.3,42.3
4.8,79.3
6.0,87.3
1.6,49.7
1.9,45.3
6.3,100.0
1.6,47.9
5.6,85.9
3.5,68.9
2.0,45.7
5.7,84.0
3.2,60.3
3.6,67.8
2.7,54.4
4.1,71.1
1.5,46.3
2.8,57.6
6.3,94.5
2.0,50.5
4.4,76.3
2.5,44.9
5.1,85.1
1.3,41.3
6.3,97.5
3.2,64.9
1.9,44.5
0.9,36.5
1.5,36.8
3.6,67.8
2.5,60.6
5.5,84.8
3.1,58.0
2.0,45.5
4.2,73.8
4.7,75.3
1.5,43.7
1.5,45.2
0.7,34.9
4.9,75.2
4.5,80.2
3.3,66.2
5.6,92.3
5.3,87.3
4.0,71.8
5.7,94.2
1.7,51.3
1.2,35.5
2.1,52.9
0.8,33.9
3.7,67.1
6.1,89.8
0.7,32.1
1.2,35.3
3.2,60.2
6.1,91.3
2.4,51.0
3.5,63.8
0.7,33.4
1.4,35.4
6.4,93.5
6.3,98.7
0.5,28.0
6.2,100.0
4.3,75.2
5.7,92.7
3.2,66.7
3.6,65.3
3.4,62.1
4.5,79.8
1.3,41.7
0.7,32.4
2.3,56.3
4.7,78.3
1.7,44.7
4.5,76.8
6.3,94.2
1.1,37.9
4.5,81.6
3.2,63.4
5.7,90.7
1.6,42.8
4.7,80.2
5.5,90.9
6.2,98.4
4.6,76.7
3.5,66.4
4.2,75.0
5.7,87.0
3.9,70.4
0.7,25.5
6.1,96.8
4.6,80.2
4.6,80.5
1.8,44.3
4.5,77.8
2.9,63.3
4.4,80.5
1.1,37.5
4.4,76.1
6.5,100.0
0.8,28.9
6.4,97.5
2.9,63.0
5.7,94.0
5.2,86.1
3.9,64.6
4.9,81.2
5.8,89.6
2.9,59.5
2.5,50.9
4.5,73.2
5.3,78.7
5.1,87.9
5.3,84.6
3.1,61.2
5.4,87.1
1.2,35.1
3.8,64.3
0.5,27.2
2.4,50.1
2.7,57.3
2.9,55.6
4.7,85.2
2.8,60.8
3.2,64.6
1.9,46.4
2.7,61.3
1.9,46.1
0.9,35.2
4.1,72.7
4.5,79.2
4.2,75.5
3.3,61.3
2.8,55.3
5.7,92.8
3.6,68.9
3.4,62.7
0.7,27.5
2.5,53.0
2.8,59.4
2.9,64.7
4.0,66.8
3.7,66.1
4.1,70.8
5.1,88.4
5.4,87.0
4.8,77.0
6.2,98.3
0.6,30.5
1.7,40.3
0.5,27.6
4.4,81.7
5.9,94.2
2.0,48.4
6.1,94.3
0.9,36.4
6.1,96.1
2.6,55.9
1.1,38.1
3.4,67.1
2.0,48.1
2.2,46.9
2.3,49.3
5.3,79.0
3.7,74.6
2.4,55.6
4.2,70.4
4.8,79.2
2.1,46.9
3.0,64.9
1.2,33.8
1.6,43.8
4.6,77.5
1.6,46.3
3.7,67.2
4.8,74.0
1.1,36.8
3.9,66.4
2.0,48.3
6.3,100.0
3.4,58.0
5.3,83.1
3.8,66.8
0.8,32.9
4.3,77.0
6.2,95.7
4.1,73.6
5.4,84.9
5.8,92.5
1.9,49.6
1.8,43.1
4.2,76.0
3.0,59.7
5.5,91.9
5.9,92.1
2.6,56.2
1.9,46.7
5.2,84.5
2.1,50.1
5.4,89.0
3.0,55.1
4.5,81.8
1.1,31.1
4.2,70.9
3.2,61.5
4.0,72.4
1.5,47.8
4.9,74.8
5.7,88.8
1.8,38.3
1.1,37.8
0.6,32.9
4.4,81.2
4.1,72.6
3.8,72.4
1.9,48.9
2.8,55.7
4.1,67.2
3.5,66.2
6.4,93.4
1.3,44.5
4.7,78.5
2.9,62.5
3.1,59.0
4.8,81.1
4.7,79.8
6.4,98.4
1.3,38.4
1.1,39.0
4.8,77.0
4.0,66.8
2.1,53.5
1.0,39.0
1.0,36.7
5.9,98.7
1.7,43.6
2.4,57.2
1.9,47.5
2.6,51.3
0.9,41.8
3.6,69.9
0.9,34.9
5.3,88.5
1.9,45.4
3.7,70.5
5.8,83.3
4.4,72.0
3.7,71.0
2.4,51.7
2.5,54.5
4.5,72.0
6.5,100.0
4.5,80.9
3.8,68.0
4.9,79.9
3.3,66.6
0.9,42.3
3.9,73.2
6.2,100.0
1.6,40.2
4.6,75.0
1.7,40.4
3.7,69.1
1.1,38.3
3.2,61.3
5.0,85.3
2.6,59.2
4.5,71.4
5.3,83.9
6.1,98.0
1.9,45.2
2.9,55.6
1.4,44.7
6.5,95.2
6.1,94.1
3.7,68.7
5.6,87.4
3.6,69.1
4.2,71.3
1.0,41.4
5.0,82.1
1.3,42.3
5.5,90.9
5.2,82.6
4.8,73.0
0.7,34.3
2.3,51.7
2.1,51.1
2.7,55.3
1.0,35.0
6.1,100.0
3.8,63.5
2.3,54.0
2.9,56.3
3.2,60.6
4.1,71.0
3.6,63.6
6.0,96.0
3.5,70.1
6.5,100.0
5.6,89.8
1.8,42.2
6.1,97.0
1.2,46.3
5.4,85.8
2.8,55.9
5.8,89.7
5.7,88.8
5.3,76.3
5.2,86.2
2.3,48.5
1.0,30.9
2.9,61.0
1.5,38.5
4.7,77.9
2.6,60.0
6.4,93.7
4.3,69.1
5.4,88.0
1.3,44.0
5.7,85.0
6.0,95.4
3.4,66.1
4.1,64.9
5.1,86.4
1.5,45.3
3.5,64.2
2.9,62.7
1.4,45.1
2.7,56.4
0.9,33.8
0.7,29.6
1.3,39.8
6.3,99.4
3.8,67.6
6.3,89.8
3.1,65.1
2.4,53.3
3.5,63.9
3.1,63.7
1.1,43.0
4.3,64.6
1.8,47.2
4.2,68.3
4.4,77.3
1.4,41.5
0.9,37.6
5.2,83.1
3.3,56.4
0.8,32.6
6.5,100.0
0.8,37.8
4.7,74.9
6.4,100.0
1.9,44.6
1.4,42.4
1.2,37.0
2.3,52.1
1.1,40.8
4.7,74.8
0.9,33.0
3.6,67.0
6.5,100.0
5.4,84.1
4.2,80.4
2.3,58.5
4.2,73.0
3.7,66.5
3.1,58.2
1.3,39.7
5.8,86.8
3.2,61.5
1.7,49.8
2.7,53.9
3.0,58.7
5.5,82.3
4.9,82.7
5.1,84.6
0.6,32.1
3.0,58.7
3.4,63.1
0.6,33.7
2.1,49.0
5.1,84.8
1.3,40.7
3.7,71.5
1.8,48.1
0.6,32.6
1.9,52.2
6.4,100.0
5.3,90.5
6.3,99.6
3.4,57.7
1.2,43.4
3.8,69.2
3.2,61.6
5.6,90.4
1.1,36.4
3.4,64.9
1.4,39.0
2.4,57.1
4.9,81.0
3.4,62.8
2.8,54.0
2.9,59.3
3.3,63.6
5.2,86.2
5.9,89.3
6.2,90.7
5.2,87.0
2.4,57.8
4.6,74.3
3.1,66.2
2.0,49.0
5.5,88.2
0.7,31.7
5.9,88.0
3.3,66.4
4.3,71.7
4.5,74.0
5.9,96.3
4.3,67.9
4.2,68.0
0.9,35.3
3.6,67.4
1.4,42.8
4.9,80.3
3.6,75.3
4.6,77.1
0.8,33.4
1.0,33.7
4.8,80.6
0.9,37.5
0.9,39.6
0.6,26.7
6.2,95.4
4.9,82.9
2.6,57.0
2.3,51.5
2.6,56.8
5.1,80.8
4.5,82.2
1.6,46.9
1.5,37.5
1.1,33.9
4.5,73.1
5.1,86.0
2.1,44.7
0.6,30.7
1.0,38.1
6.3,97.2
2.3,52.4
5.1,79.9
4.2,75.4
2.8,55.1
1.7,43.4
1.2,39.6
4.2,73.7
5.1,83.7
4.4,73.0
3.7,66.5
0.8,34.2
6.3,92.6
5.3,84.3
2.3,52.8
6.4,94.1
4.1,76.2
4.0,75.4
5.0,78.1
5.4,91.9
4.4,75.1
1.3,41.4
2.5,52.0
6.1,98.4
1.8,47.1
2.7,53.2
3.1,56.6
3.1,55.5
4.2,74.0
6.2,98.3
1.9,49.1
1.2,38.4
1.7,40.5
5.8,89.3
4.4,79.6
2.2,48.6
5.4,87.6
5.7,86.8
5.6,90.6
6.0,92.4
2.0,51.7
5.0,85.2
3.3,61.2
5.6,89.0
4.9,79.4
5.2,79.8
4.4,72.6
1.6,44.1
3.8,69.8
6.4,99.1
6.1,94.1
0.8,37.5
1.5,42.5
1.3,42.4
4.9,75.1
5.4,73.4
1.8,46.7
3.5,60.3
5.5,87.5
4.9,80.3
3.8,74.3
4.0,72.4
3.6,67.0
2.3,54.4
3.9,71.1
4.6,76.3
5.7,94.3
4.3,70.6
5.1,84.8
1.5,36.8
3.3,63.7
0.6,32.6
2.0,53.9
4.9,75.9
6.5,97.6
1.1,40.5
2.9,59.5
5.3,86.6
1.7,41.2
3.8,66.6
4.9,85.7
4.2,73.1
1.6,44.7
2.6,54.5
5.2,80.7
3.8,72.0
0.5,32.5
5.1,91.7
0.7,29.5
5.0,85.4
1.7,40.0
6.2,96.9
2.7,59.5
2.5,46.5
1.4,40.4
2.3,49.5
5.8,89.2
6.5,100.0
2.7,60.0
3.2,61.3
4.8,80.9
5.8,92.1
4.1,72.2
2.8,53.4
3.0,63.4
4.7,80.1
0.5,32.1
4.2,70.5
2.6,53.3
5.3,85.3
1.1,32.3
4.0,65.1
3.4,62.0
4.4,77.4
0.9,33.1
4.0,67.4
3.9,67.0
3.9,68.3
4.1,70.9
4.6,85.5
5.3,89.6
2.1,52.7
5.5,92.3
3.5,61.8
1.0,32.2
0.9,31.5
2.5,58.4
5.2,82.9
4.7,74.7
5.2,83.3
3.6,65.6
3.1,61.6
1.4,42.0
2.5,50.9
3.1,63.0
1.0,34.3
1.8,45.2
4.1,74.6
4.9,79.1
6.5,97.8
6.1,97.2
4.4,72.6
3.0,58.2
4.3,76.4
5.2,92.0
1.2,40.9
3.0,61.2
5.5,90.1
2.8,53.4
3.9,70.3
4.0,70.9
1.6,44.5
2.7,56.5
2.5,55.1
0.7,32.0
0.6,32.1
5.5,84.0
2.1,48.0
3.6,71.3
2.3,52.6
6.1,95.1
2.1,55.8
3.1,55.9
5.7,86.7
5.6,95.4
1.6,43.6
5.3,85.1
3.2,57.6
3.4,65.7
1.3,41.9
1.0,32.7
4.9,80.9
3.5,64.1
3.1,61.5
4.9,77.4
5.1,88.0
1.5,45.5
4.2,72.0
1.3,39.2
5.0,82.0
4.4,72.9
6.2,94.7
0.9,34.4
0.8,39.8
2.2,53.6
2.1,52.4
2.0,49.3
5.9,88.9
2.0,47.9
2.1,52.5
5.1,79.2
3.2,64.0
5.2,92.9
0.9,39.1
3.4,69.0
0.7,33.8
0.9,38.7
5.9,90.3
1.3,42.7
3.7,69.8
3.0,60.5
2.6,59.5
5.9,91.0
0.6,31.2
4.5,77.1
6.3,93.8
3.9,70.6
6.1,89.1
0.8,37.9
3.0,59.7
2.1,47.3
4.9,78.4
6.4,97.8
2.0,50.4
4.4,77.5
1.7,42.1
3.9,66.9
3.3,65.2
6.3,94.9
4.2,73.5
2.6,55.3
1.2,39.9
1.4,44.1
1.9,42.4
2.0,41.3
5.6,87.4
3.9,76.2
3.6,73.5
1.2,45.2
5.7,89.9
4.8,74.0
0.9,27.1
4.7,76.9
3.8,68.0
1.0,41.1
3.2,64.8
3.4,64.9
1.5,39.1
6.2,92.9
5.6,90.3
4.5,79.2
3.3,64.3
3.0,55.9
4.4,77.9
3.8,70.2
0.9,31.6
3.6,63.7
5.3,88.4
3.3,62.1
0.8,39.8
5.2,86.6
1.7,42.8
2.1,49.1
1.5,42.5
2.5,51.2
5.0,79.3
3.6,68.9
1.7,47.5
5.8,93.8
5.8,97.0
5.7,88.7
1.9,52.7
3.2,58.6
6.4,95.1
5.1,77.5
0.7,31.5
0.9,33.6
3.3,64.8
6.0,94.9
3.7,63.4
3.5,63.9
1.1,36.3
4.4,69.4
5.4,83.7
2.8,54.5
5.2,89.8
6.3,98.1
1.7,46.9
3.6,61.2
2.2,54.5
5.3,90.5
4.0,64.0
4.3,72.0
5.3,87.7
2.9,60.6
6.0,91.6
3.7,66.5
1.4,39.0
4.7,79.4
5.3,90.1
2.4,49.9
5.6,92.9
5.9,90.1
2.2,47.3
6.4,100.0
1.3,43.2
1.7,47.5
1.6,38.8
5.9,91.2
4.4,78.5
1.4,41.2
3.1,56.9
4.2,74.9
1.0,34.0
5.8,98.0
5.3,91.4
3.5,67.4
6.3,100.0
3.0,59.7
6.4,100.0
4.5,81.9
4.3,75.3
1.5,41.4
5.8,85.7
3.1,60.4
1.5,45.1
0.6,35.2
3.9,71.6
3.7,65.7
4.8,73.3
5.8,90.0
1.0,35.4
4.9,80.3
1.6,45.6
5.6,96.3
5.4,87.5
3.7,66.8
4.8,79.3
2.4,53.0
3.3,60.1
5.4,87.5
3.3,64.5
2.6,55.6
3.5,66.9
5.5,89.8
2.5,47.5
1.5,44.5
4.8,77.9
5.5,84.4
1.1,33.8
1.9,48.4
1.4,40.3
2.6,49.0
3.2,63.5
5.0,77.5
4.4,76.1
4.2,74.1
2.6,58.0
5.5,94.5
3.3,58.2
6.4,98.4
4.3,73.5
1.3,41.5
4.6,78.7
2.5,52.5
4.6,76.4
0.9,31.4
1.5,45.7
5.6,91.0
1.9,50.1
5.5,87.2
2.2,48.0
4.4,71.8
4.7,80.3
3.6,62.8
2.3,57.9
1.8,41.1
0.7,34.0
2.3,56.9
4.4,77.7
6.1,95.8
5.7,87.2
5.1,78.8
5.2,87.5
4.5,82.0
2.1,47.6
5.9,88.9
4.5,68.1
3.9,66.4
1.2,38.4
3.2,67.4
3.3,65.3
5.7,91.6
3.8,67.3
2.8,55.2
6.4,100.0
1.2,39.5
3.0,52.1
0.8,31.8
4.9,78.3
6.0,92.1
2.2,52.3
5.7,90.2
2.3,51.2
6.0,98.6
5.0,80.1
5.3,92.5
0.6,29.6
6.3,97.8
4.9,80.4
2.3,51.9
5.5,89.8
2.2,51.8
5.7,87.9
1.2,34.9
4.7,87.8
3.7,65.9
1.1,40.1
2.0,42.4
0.6,30.9
3.3,62.5
2.3,53.1
4.1,62.6
2.3,52.0
2.3,47.4
5.0,83.6
0.8,30.6
5.9,89.9
5.6,88.4
4.5,73.1
4.1,70.5
5.9,88.7
1.6,37.0
1.0,40.1
1.9,42.3
5.3,85.3
0.7,35.7
4.0,68.8
6.5,96.9
5.6,90.2
3.6,70.3
0.9,31.3
5.5,87.7
4.1,66.1
1.2,37.4
1.1,37.8
6.0,91.0
4.5,75.2
5.5,83.3
5.8,92.0
3.9,73.5
3.6,62.6
3.1,58.5
2.4,54.4
3.1,64.9
5.1,78.4
4.1,71.6
5.9,93.8
3.2,61.4
4.1,63.5
4.3,76.2
4.1,77.5
4.7,79.5
1.9,43.2
3.6,64.6
1.1,43.8
2.8,60.4
3.4,66.3
4.4,76.8
6.2,94.0
4.1,71.4
5.0,82.2
3.5,67.2
4.3,79.7
0.9,39.3
2.0,43.0
2.7,56.8
3.3,65.5
0.8,36.4
1.3,37.7
2.2,60.5
6.3,93.0
2.5,50.0
3.4,64.9
1.7,52.0
4.2,70.4
2.2,49.4
1.7,48.3
3.6,66.3
0.5,29.6
0.5,32.7
1.8,46.7
0.7,36.7
1.1,42.2
2.5,54.8
5.3,87.0
3.9,70.6
3.6,68.1
2.3,51.6
6.1,95.1
2.9,62.5
1.0,41.8
4.2,68.0
1.2,38.8
2.6,52.5
3.5,64.2
5.7,92.0
3.5,67.6
4.7,78.7
6.5,93.1
1.3,36.6
2.1,52.3
2.9,48.8
3.0,63.7
3.0,61.3
5.9,97.5
4.8,79.5
4.1,64.9
2.4,54.1
5.4,91.6
6.2,99.5
5.4,84.8
0.5,31.1
4.3,72.6
0.8,31.3
2.0,51.3
0.9,31.2
4.1,69.0
4.6,74.0
1.2,33.6
2.8,57.7
3.2,65.9
2.7,55.4
1.2,33.5
3.0,62.4
5.0,88.4
0.9,33.1
1.0,34.8
2.6,56.7
6.2,100.0
4.5,74.9
4.6,73.2
2.7,58.3
4.1,74.9
0.6,31.9
4.3,72.5
6.0,97.5
4.2,75.1
5.7,87.9
4.8,80.4
1.2,34.1
5.9,95.3
0.9,34.4
3.7,66.0
1.4,41.0
0.6,32.0
3.0,62.6
2.3,53.5
3.4,63.6
4.0,73.7
0.8,35.6
1.2,37.3
3.9,69.4
2.6,54.4
4.9,83.1
4.4,74.3
5.6,88.0
4.7,85.9
3.1,63.9
4.5,74.1
2.2,52.3
2.3,51.9
5.2,86.2
3.2,62.3
5.3,90.1
5.4,88.3
5.6,89.2
6.0,97.6
3.1,61.5
2.4,53.0
4.0,72.1
2.7,55.7
4.1,72.2
4.7,77.0
4.6,75.3
2.7,52.6
1.5,37.4
3.1,57.6
1.4,40.5
5.8,92.1
2.6,54.0
1.4,32.9
0.7,38.6
4.4,79.4
4.3,76.0
2.5,60.4
0.9,31.9
3.0,66.1
2.4,49.2
4.6,78.7
4.1,67.7
2.7,56.1
1.8,47.1
6.4,98.1
3.2,64.3
4.6,78.2
1.3,38.1
3.4,62.1
0.7,35.9
3.5,63.0
6.3,100.0
2.8,61.5
0.7,27.2
0.7,37.0
2.8,64.4
1.5,43.1
0.6,34.0
5.0,86.1
3.3,62.0
2.2,50.9
5.9,88.3
1.2,39.3
6.2,98.0
2.4,54.4
5.8,95.4
4.1,69.4
5.5,86.4
6.4,100.0
2.2,49.8
6.3,98.2
2.8,57.0
2.8,54.3
2.5,59.4
3.7,65.7
1.4,37.2
3.8,67.1
3.8,61.7
5.1,81.4
5.5,84.9
3.1,62.8
2.3,49.1
2.1,52.3
1.7,49.4
0.8,36.9
2.6,54.1
2.1,49.6
6.3,92.1
3.8,68.2
2.6,51.9
4.0,73.4
1.3,49.0
3.2,63.5
4.3,67.5
3.4,62.8
2.9,58.8
6.5,100.0
5.8,89.1
4.2,74.2
3.9,65.5
4.2,70.0
1.7,46.8
2.9,54.8
0.7,34.9
3.4,59.3
3.8,74.9
1.9,44.1
6.3,96.7
6.0,95.2
4.8,78.2
3.7,68.1
5.7,92.6
1.3,43.3
5.2,87.6
1.2,38.2
5.3,85.4
2.2,58.5
5.8,95.0
6.2,93.1
1.4,41.4
3.3,61.8
6.4,98.1
3.4,59.8
5.7,89.1
4.0,77.3
2.8,59.2
2.2,41.6
1.7,48.8
5.1,87.5
2.8,55.9
3.6,68.9
3.5,62.2
4.0,69.4
5.7,95.8
6.4,97.6
2.9,51.8
5.5,88.0
5.1,83.4
3.9,74.0
6.2,96.4
1.7,43.1
1.2,42.5
5.6,89.8
3.1,58.0
5.6,93.4
5.9,93.5
0.9,35.4
5.8,92.3
3.2,58.1
3.6,64.6
4.3,74.5
6.1,94.5
0.6,36.4
3.4,64.9
4.6,80.9
4.8,80.2
4.7,82.7
1.3,41.3
2.3,51.5
2.7,56.0
5.3,82.6
2.2,52.1
1.8,45.6
6.2,94.5
0.6,35.8
6.5,95.4
4.6,76.4
5.5,91.8
2.3,52.6
0.6,31.7
4.9,82.2
5.5,88.9
4.9,76.0
1.4,39.9
5.0,88.2
5.1,81.3
4.5,75.6
5.1,81.8
5.6,89.1
4.2,71.3
1.0,38.2
3.4,64.8
1.0,39.2
2.9,54.7
2.9,57.2
0.9,34.6
2.6,56.5
1.2,36.0
5.3,89.2
6.2,100.0
0.9,31.9
6.2,94.6
3.6,64.5
2.3,60.7
1.0,35.0
3.5,71.1
5.3,81.5
4.7,75.6
0.8,31.8
0.9,32.4
2.9,57.4
2.3,49.0
1.9,44.0
2.2,54.4
5.3,90.2
6.1,98.5
2.9,60.2
5.9,93.2
2.4,50.9
3.4,60.8
1.9,48.1
4.3,70.3
6.4,95.1
4.1,76.2
2.6,61.6
4.4,77.0
1.2,42.7
5.8,90.8
3.5,60.6
3.2,63.9
4.0,73.0
4.2,73.6
0.9,34.5
4.6,81.3
2.0,44.5
4.8,77.5
5.4,83.6
5.3,86.2
3.8,64.9
3.6,64.0
1.4,38.6
5.2,83.9
2.1,43.9
3.5,65.6
2.2,54.7
1.3,40.4
4.3,79.8
0.8,38.9
5.0,85.2
2.4,52.9
0.5,30.8
3.6,69.1
0.8,32.8
2.2,43.7
4.7,80.8
0.9,31.4
5.5,84.9
0.5,30.8
2.0,47.7
4.9,76.4
2.4,53.2
1.1,41.0
2.7,52.1
2.1,53.6
5.6,83.9
2.4,60.0
5.2,83.4
5.9,93.4
3.1,54.0
6.0,93.8
2.8,58.0
6.3,97.1
1.0,34.5
4.6,74.6
3.5,69.2
2.8,57.3
4.3,79.8
4.7,77.2
0.5,29.2
1.5,45.1
4.8,74.5
4.5,72.5
6.3,100.0
5.1,79.5
6.2,89.9
4.7,85.6
2.3,46.6
1.1,38.3
5.2,85.0
4.4,65.8
0.8,33.3
2.7,57.6
6.2,97.5
3.5,68.4
3.1,59.3
3.2,64.3
1.8,43.3
2.7,51.1
2.7,51.5
0.8,29.1
5.1,87.2
3.0,54.2
5.4,88.1
5.6,88.5
1.8,45.3
4.4,80.4
3.3,61.4
5.8,93.8
1.8,45.8
4.6,77.4
4.1,80.2
2.3,46.4
1.3,44.5
4.4,77.9
4.9,79.7
2.4,58.3
4.4,69.1
2.9,56.5
4.8,76.0
1.7,46.0
5.8,87.8
2.2,51.8
2.7,55.4
0.8,32.5
1.2,40.2
3.6,65.5
2.1,45.3
5.5,98.1
0.6,30.2
2.8,49.4
2.5,50.8
0.6,27.5
1.2,41.7
3.0,60.6
3.5,66.6
2.9,57.1
3.7,66.6
4.1,70.9
0.6,31.6
3.3,65.9
6.3,98.6
3.6,68.2
4.6,79.6
2.4,55.7
5.1,84.7
5.1,84.9
3.6,70.6
6.4,96.3
1.3,37.0
0.6,27.7
5.1,84.3
5.3,79.5
1.2,40.4
2.1,48.8
0.6,35.9
2.3,49.1
5.1,82.9
3.6,70.3
2.6,59.7
2.7,53.7
0.5,31.4
2.3,52.5
4.4,76.9
6.3,96.5
5.6,93.9
0.6,25.3
5.9,91.4
5.2,86.4
5.2,86.4
3.2,66.5
2.9,62.5
2.3,50.5
0.9,39.9
1.9,44.4
2.0,51.3
3.4,70.4
5.0,86.8
3.3,63.3
0.8,33.0
6.2,90.9
6.2,97.4
5.2,80.9
6.4,95.8
3.8,64.5
6.3,95.8
1.0,36.4
2.7,57.0
1.9,44.7
1.7,48.3
1.3,39.2
4.2,70.5
5.2,85.6
4.0,77.9
1.4,42.3
5.4,85.8
4.3,69.1
2.8,56.4
4.5,77.6
2.1,47.8
2.6,49.1
6.0,91.0
2.2,55.4
3.3,68.0
5.8,88.6
4.7,81.4
0.9,31.2
1.4,46.0
0.5,31.6
4.3,77.8
3.2,55.8
1.3,42.3
6.2,96.3
3.7,70.5
2.0,51.2
3.5,65.5
4.6,75.8
1.0,39.2
2.1,48.9
5.3,82.9
3.3,59.7
3.8,63.5
3.1,58.9
0.8,38.1
1.5,42.9
3.2,59.9
1.8,48.5
0.8,31.3
5.6,89.7
6.4,98.0
5.3,88.7
5.6,83.9
2.0,45.0
6.3,91.7
1.7,43.6
6.2,100.0
6.5,98.0
4.8,78.4
6.4,100.0
3.9,73.6
2.1,48.8
3.1,63.0
4.1,68.4
0.9,40.2
4.2,80.8
6.4,100.0
1.6,36.1
5.3,84.0
5.9,95.0
6.2,94.8
6.3,100.0
3.6,68.5
6.4,96.1
5.0,82.6
1.5,39.1
3.4,63.5
4.8,78.3
2.0,52.1
4.3,81.9
4.5,71.7
1.5,35.5
3.9,69.0
5.1,78.3
3.5,65.4
0.6,34.5
0.6,37.1
2.6,55.6
6.1,94.5
1.9,39.9
4.3,74.5
1.8,45.9
2.4,54.8
5.6,86.9
4.9,79.8
1.1,32.5
3.1,52.6
0.7,29.2
3.4,58.6
4.5,77.9
1.2,37.0
2.2,48.4
2.9,54.9
6.0,82.7
6.5,100.0
0.8,30.7
5.1,82.2
2.7,51.0
2.9,61.8
5.0,83.0
6.0,91.1
6.2,94.9
4.0,76.9
2.6,54.6
5.2,84.2
2.0,44.7
3.9,63.2
2.7,55.5
4.4,76.7
1.9,50.7
1.6,35.5
6.0,90.1
1.1,35.6
3.5,65.2
1.8,45.2
0.7,32.6
0.7,34.5
1.6,40.2
5.7,93.8
2.2,51.8
6.2,95.2
4.0,76.6
3.1,66.1
4.0,74.3
3.6,55.8
5.1,89.2
2.2,53.1
2.6,61.9
5.9,97.2
6.2,100.0
5.9,95.9
3.0,64.2
5.2,91.8
3.4,64.9
3.5,59.7
1.7,43.5
4.0,72.4
1.6,43.7
2.5,49.4
5.6,83.7
1.7,42.0
0.9,38.2
0.9,40.9
6.1,98.4
3.5,69.0
3.0,59.2
5.4,81.0
5.5,86.7
2.5,52.8
4.7,77.3
5.1,83.8
4.4,77.1
1.4,44.1
5.8,90.7
3.7,60.9
2.2,48.6
3.1,60.8
0.7,37.3
1.3,38.0
5.1,85.4
0.5,31.8
3.0,59.7
3.6,69.7
0.8,31.9
6.3,95.4
1.9,46.8
2.3,49.2
2.3,53.2
1.9,44.4
0.5,31.5
4.9,81.0
6.3,98.2
1.8,44.1
4.5,75.6
5.0,82.8
5.6,90.1
3.0,59.5
2.3,57.4
2.5,50.3
4.8,80.0
5.4,81.6
1.6,44.7
2.7,52.1
5.9,91.9
5.3,84.6
6.4,99.6
5.0,80.6
2.9,56.3
4.0,76.0
4.5,77.7
1.0,34.5
3.8,67.8
4.8,86.0
1.5,41.4
5.2,82.4
4.0,68.6
6.2,94.4
0.8,32.1
2.1,44.7
4.1,68.2
2.3,48.5
4.8,82.3
5.1,82.3
1.1,36.9
3.6,70.8
3.6,70.9
2.7,55.1
6.1,92.9
5.5,85.2
4.7,81.5
4.8,79.5
3.3,61.6
6.0,91.2
4.7,76.4
4.9,82.5
5.7,85.9
2.1,52.6
5.3,84.1
1.7,44.0
2.6,50.2
2.5,53.7
6.4,97.5
5.6,89.2
4.7,84.2
4.9,82.0
3.9,67.1
6.2,93.8
3.5,67.3
2.8,61.7
1.5,43.2
5.2,87.2
4.9,83.5
2.8,62.2
0.7,26.2
5.5,90.6
0.6,35.3
4.7,74.4
6.3,94.4
3.1,57.7
1.9,44.3
4.7,77.4
5.4,87.9
3.8,71.7
6.3,100.0
0.8,31.3
3.5,62.3
4.8,84.8
5.7,92.8
1.6,43.7
5.3,87.6
3.8,68.6
2.9,60.2
1.3,38.8
5.7,91.5
1.4,35.8
2.4,50.2
2.2,47.9
5.7,89.2
4.5,73.5
5.3,84.1
2.0,42.7
4.2,75.2
3.9,69.6
5.5,82.3
5.9,89.9
0.6,33.1
4.5,74.8
0.8,31.8
3.8,68.4
2.2,51.5
2.3,46.4
2.6,56.8
4.2,70.5
2.5,53.7
4.9,81.2
2.9,56.5
0.9,31.8
5.2,83.8
2.2,56.0
3.1,55.9
4.6,83.8
2.5,52.8
0.8,34.3
2.7,52.2
6.2,93.6
4.4,73.8
4.5,73.1
4.3,73.7
1.7,43.1
3.0,66.0
5.0,78.4
1.1,38.0
2.2,51.2
2.2,46.6
3.1,63.1
6.4,97.2
0.9,26.6
3.6,68.7
1.6,39.5
6.3,93.8
1.2,41.2
2.9,57.1
4.9,84.6
4.7,83.3
3.0,57.2
2.6,57.7
2.9,55.7
2.1,57.0
1.7,42.1
3.4,67.7
2.1,52.1
2.2,51.4
4.4,73.3
6.3,96.9
4.1,64.6
1.0,37.3
1.0,37.7
6.2,96.8
2.3,41.0
1.1,33.2
4.1,69.5
4.2,74.3
4.4,76.6
2.1,48.6
0.6,34.1
6.3,93.9
2.0,50.1
4.6,79.6
4.7,80.4
4.2,72.7
2.4,59.0
2.1,50.9
4.1,68.8
5.7,91.4
6.2,98.9
1.1,35.6
1.4,44.9
6.2,97.6
4.9,73.2
5.8,92.7
1.7,43.1
4.0,72.9
4.7,82.4
4.6,78.6
2.9,64.2
0.6,31.3
4.0,73.2
2.0,50.8
3.2,61.5
6.2,99.0
2.9,56.3
5.5,86.8
1.6,38.8
4.5,77.6
6.4,99.7
1.1,41.8
0.5,33.5
3.1,59.7
1.1,33.5
5.0,84.0
6.0,97.9
3.1,63.3
2.1,52.9
3.1,59.9
4.8,78.6
0.6,29.3
4.0,70.8
4.2,73.0
4.3,75.2
2.0,47.5
4.8,79.7
1.0,33.8
1.7,47.8
5.8,92.0
4.9,80.7
0.6,29.3
2.0,43.3
1.8,50.3
2.1,51.1
2.0,42.3
0.9,38.0
3.3,66.2
4.9,81.8
4.1,77.7
4.5,77.5
1.0,31.5
6.2,97.6
5.5,89.1
5.3,83.8
5.4,89.1
6.1,89.3
3.8,72.2
1.7,41.5
4.2,69.9
5.0,82.1
4.9,82.9
3.6,67.0
0.9,32.8
2.7,54.3
6.0,90.0
4.0,70.2
3.7,71.3
2.1,49.1
2.7,59.1
5.9,97.9
4.5,74.7
5.2,84.1
3.2,69.4
4.3,79.5
2.0,42.1
4.7,80.4
3.1,60.7
3.2,64.7
4.4,73.0
6.1,92.2
0.9,33.0
5.4,85.1
2.3,54.3
3.2,57.7
0.6,29.7
2.3,45.2
3.5,68.8
0.8,38.6
3.4,63.0
6.1,94.1
1.1,39.2
5.1,88.8
3.0,60.9
4.4,73.2
2.1,43.5
1.5,38.3
1.5,42.5
0.9,33.1
1.6,44.1
4.5,74.8
5.8,88.0
5.4,83.0
4.6,83.4
1.2,41.9
2.2,56.4
2.4,54.5
2.0,46.5
3.6,71.0
3.7,67.4
2.6,55.7
2.6,54.8
5.5,77.9
5.2,90.4
2.3,53.2
6.0,95.2
6.2,96.1
2.5,54.3
2.6,52.8
3.5,67.4
6.1,90.6
5.8,92.4
1.1,39.6
2.9,57.7
3.8,70.0
3.5,61.8
1.7,41.2
5.7,91.4
4.6,80.3
5.5,81.7
5.7,92.4
5.0,80.6
3.1,60.0
4.2,68.6
1.5,39.3
4.5,80.1
1.6,43.5
4.7,77.7
1.9,46.4
1.2,40.5
1.5,43.8
0.5,30.5
4.8,84.0
4.9,84.7
3.6,67.8
1.5,42.4
1.0,38.8
0.6,33.0
1.5,46.0
5.8,94.8
1.9,43.3
2.6,51.1
1.1,35.2
1.8,49.1
3.6,60.9
4.1,73.5
2.0,49.3
0.8,38.3
2.8,57.8
1.9,42.1
1.8,42.3
6.3,93.3
4.2,71.4
3.8,68.1
3.0,55.4
3.1,65.8
3.7,62.9
4.7,83.8
4.7,83.2
1.5,45.4
3.5,62.8
3.0,60.7
5.7,86.1
4.3,77.6
3.7,67.3
1.2,37.4
4.1,67.9
1.2,30.1
2.5,50.1
1.4,45.0
4.7,77.6
1.7,44.0
2.9,60.6
5.9,99.2
1.7,49.2
3.5,61.8
3.0,52.7
0.6,40.2
5.3,93.9
0.9,36.0
3.3,58.5
3.9,73.2
4.3,74.1
4.6,77.5
2.0,51.1
0.6,33.1
4.8,76.0
3.7,66.4
5.5,90.6
5.4,88.9
5.6,90.3
3.4,67.4
2.5,52.5
5.2,85.4
3.2,50.0
1.6,41.8
5.6,92.1
5.8,90.3
3.3,61.3
1.0,32.9
2.8,60.7
5.3,87.9
5.9,95.7
1.7,38.5
0.9,34.8
5.8,90.7
2.8,56.2
3.8,66.5
6.3,96.2
0.9,38.3
4.4,68.9
0.9,41.6
2.8,58.9
5.3,85.8
3.1,63.8
6.5,94.7
3.9,67.5
2.4,52.2
1.8,50.5
2.6,54.7
2.7,57.6
0.9,33.3
2.7,57.8
3.3,68.8
4.8,83.7
4.4,75.3
4.8,82.6
0.6,33.9
1.8,47.5
4.5,80.6
3.4,68.0
0.5,30.3
5.3,88.2
5.1,82.3
3.8,65.5
0.9,34.4
5.1,83.4
4.0,65.2
5.2,87.8
5.0,72.8
5.3,95.5
3.6,71.7
1.3,39.0
4.5,76.8
4.2,74.4
5.0,80.4
1.5,42.9
1.7,44.0
5.8,91.4
5.0,83.1
5.9,88.3
5.1,83.8
4.1,72.7
4.4,76.1
5.8,90.9
4.0,75.0
4.3,73.2
1.4,41.9
3.3,67.5
4.8,79.9
2.1,49.9
1.7,44.2
2.4,56.9
1.9,45.9
1.8,50.2
3.0,59.1
5.9,89.8
3.5,67.6
1.6,42.3
1.0,38.7
4.7,69.5
2.8,57.2
5.4,85.5
4.5,73.0
5.3,84.0
2.1,47.1
4.7,78.9
2.1,44.4
6.1,96.3
4.3,79.2
2.4,53.6
2.1,52.0
1.6,47.2
4.7,83.4
1.8,52.2
4.1,70.4
2.1,46.6
4.5,79.5
5.4,89.6
5.2,87.5
5.1,90.3
1.6,43.4
1.0,38.0
4.7,75.6
2.7,63.5
3.1,59.5
0.7,32.0
2.1,47.9
0.7,30.8
5.8,89.1
2.0,46.2
3.8,63.9
0.7,30.3
4.5,83.6
2.4,55.2
5.9,96.1
5.8,95.8
2.5,60.2
5.9,86.7
6.5,95.4
5.5,85.4
5.6,87.8
2.0,46.9
4.0,69.4
0.9,36.1
1.1,37.8
6.5,97.2
2.5,46.1
5.0,79.0
5.3,84.0
5.6,88.5
6.5,95.8
1.9,45.1
0.7,29.1
3.0,59.1
1.3,36.2
0.6,28.9
2.7,51.5
5.2,84.3
3.9,66.8
2.4,55.8
4.4,77.0
1.9,46.6
0.6,29.1
5.1,85.0
4.2,75.7
5.1,84.1
0.7,38.7
5.5,89.9
4.2,76.5
3.9,70.3
4.2,75.7
5.7,87.8
4.0,69.4
4.0,72.2
6.4,99.8
5.0,84.3
3.2,65.7
4.7,74.1
2.8,53.8
1.9,47.7
4.1,69.6
6.1,100.0
6.1,97.0
2.6,54.6
3.7,65.7
1.8,44.0
6.5,99.9
6.4,99.0
4.4,74.0
5.3,85.0
4.8,84.9
4.1,77.0
0.8,35.1
3.2,57.1
4.5,78.6
4.6,83.3
2.7,60.8
6.2,98.9
1.5,47.2
3.5,65.4
4.6,80.1
4.7,76.7
4.4,76.6
2.2,55.0
1.4,39.0
4.3,71.4
4.1,72.5
1.6,42.6
4.7,81.3
3.2,60.2
4.5,82.8
5.5,83.7
1.5,46.6
0.6,29.2
5.2,78.5
4.2,74.1
4.7,78.2
5.5,84.4
5.3,80.1
6.3,97.4
3.7,71.0
3.4,66.1
2.9,58.5
1.4,42.8
3.9,69.8
2.2,45.3
6.0,89.0
4.0,70.3
4.1,71.6
2.6,57.9
0.8,36.9
0.7,35.2
3.0,58.5
1.0,31.7
4.1,73.6
5.8,93.5
5.8,83.3
4.5,73.8
1.8,43.3
5.7,91.0
5.8,88.9
1.7,44.4
4.9,80.6
2.2,49.7
5.3,83.4
6.5,97.5
0.7,29.3
5.9,94.2
4.2,75.3
6.3,94.8
3.3,68.3
5.6,88.3
0.9,40.7
2.5,51.5
0.9,28.3
6.4,100.0
5.4,88.0
5.6,89.5
6.1,92.9
1.0,36.4
2.8,55.4
0.9,34.3
1.8,48.6
1.9,47.5
3.3,65.1
2.1,48.3
1.1,36.5
1.5,38.2
1.4,39.8
6.3,85.8
5.1,81.6
6.3,97.2
3.1,62.6
2.2,49.4
5.3,87.2
2.5,46.1
2.3,51.3
1.9,41.0
1.3,35.7
2.0,47.3
2.6,59.4
4.5,78.0
0.9,35.4
1.8,45.6
5.4,84.6
1.4,39.2
2.6,56.4
5.7,85.7
1.4,43.2
1.0,35.1
3.4,67.0
2.3,54.8
3.9,64.0
5.3,83.9
1.3,37.0
4.0,64.7
3.5,61.6
1.4,49.6
4.2,75.4
2.1,55.9
3.4,67.0
1.0,33.9
3.3,61.6
2.3,53.5
5.4,88.6
0.8,32.2
3.0,54.2
3.3,74.5
4.9,80.9
3.9,68.7
4.5,77.1
5.2,84.0
5.7,91.0
2.4,57.1
3.7,67.1
5.5,84.2
6.4,98.0
5.8,90.1
2.7,61.0
1.7,48.6
3.4,64.5
4.9,76.9
3.5,61.0
3.4,64.2
5.5,89.4
2.7,54.7
5.7,88.9
2.9,56.3
2.5,53.7
3.2,53.5
5.1,79.8
1.3,37.8
1.7,48.8
6.2,93.5
1.6,44.0
3.9,70.6
4.0,75.5
3.4,68.5
4.4,75.4
1.9,45.2
3.8,66.4
2.7,55.2
4.5,75.2
1.3,41.9
3.9,71.3
1.6,45.5
2.2,54.7
1.8,52.2
1.6,43.8
5.5,92.1
2.2,49.1
6.1,99.3
6.3,100.0
3.9,73.4
1.4,41.4
2.7,53.7
5.3,81.1
2.7,55.9
1.0,41.9
3.8,67.6
5.6,92.1
5.3,88.9
1.6,42.4
4.5,81.4
1.8,35.5
1.8,41.4
5.7,87.3
2.0,45.1
2.1,50.3
0.5,31.8
5.7,91.9
5.3,88.0
4.3,71.1
5.0,78.2
1.4,42.5
3.2,59.6
2.6,49.4
1.1,41.0
3.4,69.0
6.0,99.5
0.7,33.7
2.2,52.5
1.7,49.3
1.9,44.6
6.0,97.9
3.3,63.9
3.3,66.1
5.1,84.3
1.4,45.6
3.4,64.9
3.1,55.5
4.1,77.2
6.5,96.4
5.1,88.0
2.9,58.0
5.5,92.4
1.5,46.2
0.7,34.6
1.7,46.3
2.5,55.2
3.6,59.4
4.2,73.7
6.0,90.1
3.6,67.0
3.5,61.2
0.8,30.1
0.7,38.7
3.8,72.4
3.1,60.6
5.5,88.9
1.5,41.4
0.6,33.9
3.2,59.4
1.9,50.3
0.8,33.3
4.8,78.7
1.2,38.9
4.1,70.1
2.2,51.5
1.5,40.4
2.8,58.8
5.3,90.2
2.9,55.8
5.0,82.0
1.3,41.6
5.1,82.1
1.9,48.5
4.6,79.8
3.9,73.6
6.1,93.0
2.8,53.9
0.9,34.3
0.6,28.5
5.5,90.2
3.6,62.3
5.2,93.0
1.9,51.4
2.6,54.9
0.7,36.1
6.3,91.7
4.5,85.6
6.1,93.1
2.1,48.7
4.2,66.8
4.6,79.6
2.4,48.7
5.6,89.8
6.2,94.4
5.8,87.9
4.9,78.5
2.2,51.1
2.2,45.8
6.3,94.8
0.6,34.2
4.8,89.3
4.7,80.7
4.2,70.1
6.4,97.3
2.4,52.7
2.5,52.5
1.0,39.7
3.2,62.6
2.1,52.3
2.6,53.8
5.5,92.9
6.1,94.6
1.6,40.0
2.7,63.7
6.1,88.8
0.9,32.8
1.1,35.5
1.5,51.0
4.1,78.5
1.4,46.3
6.3,96.3
3.2,70.3
3.5,66.5
2.0,51.4
3.3,63.6
4.5,76.6
5.0,81.6
5.0,81.8
4.0,73.1
5.9,94.1
5.4,87.0
5.0,87.8
0.8,23.8
0.5,32.5
1.8,48.2
4.5,80.8
3.0,59.3
2.9,59.1
5.8,95.2
5.9,98.1
6.0,92.9
2.4,53.5
4.6,83.8
2.1,41.7
1.6,41.0
1.6,48.5
2.6,58.7
3.1,62.5
5.5,86.7
1.2,35.7
4.9,79.3
3.7,73.0
2.2,48.1
3.5,65.6
2.3,48.8
4.1,75.1
3.1,58.8
1.5,41.9
1.2,32.9
3.8,63.1
5.9,92.9
2.6,50.3
4.9,88.7
4.5,69.5
6.1,92.3
5.4,87.2
3.9,68.6
4.4,71.7
5.9,89.5
2.9,54.9
2.5,52.7
0.6,38.7
5.5,88.5
5.3,90.1
1.1,39.4
4.0,74.9
3.3,53.2
1.2,37.7
6.4,100.0
1.8,43.7
0.9,41.5
4.1,77.3
4.9,79.7
0.7,31.3
4.5,73.2
3.7,65.3
1.1,33.3
1.5,43.8
3.9,64.8
2.3,53.6
6.1,97.3
5.4,81.3
6.4,100.0
2.1,50.9
6.3,100.0
3.1,58.0
2.6,57.1
0.8,38.1
0.8,33.9
4.7,86.1
3.2,62.0
1.9,50.8
4.2,74.3
2.0,50.0
4.0,65.2
2.7,57.3
5.4,84.5
5.4,84.1
3.4,70.2
2.6,54.2
2.7,52.5
5.3,84.7
2.5,49.2
1.8,50.7
1.0,34.1
3.3,64.8
3.4,68.8
5.5,86.5
1.8,47.6
2.8,53.6
5.4,95.7
5.4,90.4
2.8,56.5
3.3,60.2
2.3,51.1
6.1,94.0
1.2,45.6
6.1,90.9
4.6,78.4
3.7,67.5
0.7,32.6
3.4,63.7
2.9,57.9
1.5,45.3
4.4,77.7
6.3,98.9
3.9,59.2
4.8,81.2
0.9,29.6
3.0,61.8
1.2,44.0
4.2,70.1
6.1,94.2
4.5,74.7
1.0,40.8
2.6,55.2
3.8,74.7
2.9,59.8
5.5,89.1
5.4,87.3
4.2,76.2
2.7,50.0
2.0,48.3
1.1,37.4
2.6,57.4
3.0,58.8
4.6,74.3
4.4,75.6
0.9,31.6
2.9,51.6
1.6,45.9
1.4,43.1
5.5,89.9
0.8,38.8
3.0,57.2
1.5,37.2
5.8,91.5
3.8,67.5
1.9,43.9
3.5,65.0
4.9,79.2
6.2,89.9
1.8,44.2
5.8,87.7
6.1,96.0
6.0,91.7
4.3,78.3
4.3,80.1
2.9,60.7
5.0,77.1
3.7,72.8
4.6,83.4
3.1,60.7
4.9,86.0
5.4,85.2
1.4,34.6
5.5,85.6
3.7,73.6
5.6,84.2
3.1,60.6
2.8,57.3
6.0,92.2
2.0,46.4
5.6,89.7
3.4,62.1
3.6,61.4
2.4,53.4
3.9,73.6
2.5,56.8
0.7,30.2
2.1,44.8
0.5,29.8
6.4,100.0
6.3,99.7
2.9,60.8
4.9,84.5
2.6,56.4
4.5,77.2
5.3,88.3
6.2,94.4
2.9,53.4
5.2,87.3
2.1,53.5
6.4,94.7
0.7,35.9
4.1,78.0
4.5,76.7
4.6,75.0
1.2,39.2
6.1,93.2
1.6,41.2
4.2,74.8
1.8,40.1
2.3,46.4
3.8,68.8
3.0,59.4
1.5,43.5
1.5,48.8
3.0,59.9
5.0,84.6
5.9,89.4
1.0,39.2
2.9,56.5
1.1,37.9
0.6,31.5
4.5,80.4
4.1,67.6
1.5,34.3
1.9,46.1
0.6,33.5
5.5,88.8
6.3,100.0
1.3,41.5
1.9,44.9
5.7,82.4
6.1,94.3
3.0,63.1
0.8,32.8
0.7,33.1
3.9,71.3
2.9,54.8
0.7,35.2
4.0,76.7
0.6,31.3
5.2,80.8
2.3,51.2
0.7,25.3
4.0,72.2
2.9,59.9
6.3,100.0
3.8,68.0
2.2,51.7
4.8,77.2
2.1,47.9
5.9,87.5
2.7,55.4
3.8,67.6
0.8,35.2
3.1,58.5
5.5,88.5
5.3,84.8
1.8,44.5
1.9,47.1
5.4,87.2
6.1,97.8
1.1,37.2
3.2,60.6
2.5,53.1
5.7,88.0
1.0,35.2
1.8,52.8
5.0,79.3
0.8,33.2
3.5,63.9
3.2,60.9
2.5,52.6
2.9,59.3
3.7,61.6
1.5,45.9
3.9,72.1
5.3,81.6
5.1,75.7
1.4,37.7
1.4,40.3
2.1,58.2
2.7,58.0
3.0,53.2
4.6,75.5
0.8,34.0
0.7,33.9
2.9,53.7
4.7,78.6
1.7,42.0
4.3,70.6
2.1,50.1
5.8,94.4
5.9,95.8
2.3,53.5
1.9,45.1
3.0,62.0
1.9,47.9
4.5,77.2
5.5,86.1
4.5,75.0
5.4,87.4
2.9,66.9
1.4,42.2
4.9,79.2
2.7,53.1
4.5,75.0
2.1,56.8
1.0,35.1
6.5,100.0
1.4,39.8
6.4,99.5
6.4,100.0
5.3,83.9
4.5,74.5
4.0,76.8
5.7,94.0
2.2,53.1
3.3,65.7
4.2,74.9
3.0,66.6
3.1,60.8
2.5,55.8
3.9,64.8
5.6,86.5
1.7,40.3
6.1,99.6
4.6,69.0
5.4,85.7
3.8,58.2
5.2,81.9
0.6,30.2
5.4,91.9
0.7,34.4
5.8,88.8
6.5,100.0
2.3,51.5
1.8,45.8
5.1,79.4
2.0,44.5
5.7,87.7
1.1,37.8
1.3,40.2
6.4,100.0
4.5,78.1
5.6,79.9
2.4,53.5
4.6,72.8
4.1,68.8
4.1,69.3
4.6,75.6
4.0,66.2
3.1,61.4
2.2,45.4
5.1,84.9
1.9,54.7
4.7,74.4
1.9,45.9
4.3,65.6
5.0,81.4
1.8,47.9
0.9,37.9
1.3,40.2
4.1,75.3
5.6,98.3
0.8,40.2
4.9,79.5
2.5,48.7
3.4,62.7
6.1,91.8
2.5,55.3
3.3,58.8
0.6,31.6
1.0,39.4
2.1,48.8
0.7,29.7
4.3,78.6
3.1,54.1
3.8,67.6
1.5,42.1
2.3,51.5
4.5,77.4
6.3,99.6
0.8,34.1
5.8,90.4
4.0,69.6
3.9,67.7
3.5,68.0
0.9,33.1
1.0,39.5
4.1,72.2
2.5,51.9
6.0,96.2
2.9,55.8
1.4,43.3
4.8,80.9
2.3,49.4
3.7,69.4
4.7,81.0
5.9,96.9
5.3,89.3
4.6,79.6
4.6,74.0
6.2,100.0
2.3,46.5
0.5,34.1
2.1,50.7
1.8,41.6
4.5,76.3
4.3,74.2
4.1,76.7
0.6,29.4
4.9,80.4
2.4,44.4
4.5,82.8
3.8,65.0
2.6,56.0
1.3,39.6
1.1,37.3
5.5,91.1
6.0,99.8
4.4,76.5
1.1,39.9
2.9,59.5
4.9,84.9
5.2,83.2
1.2,42.6
0.5,34.6
4.8,84.0
2.6,52.6
2.0,47.4
0.6,32.7
3.7,62.8
5.6,95.0
6.2,96.3
3.9,70.8
3.6,64.4
1.0,31.9
3.8,66.6
2.8,58.0
4.1,74.5
2.8,57.8
1.9,48.1
1.1,36.5
2.4,54.3
1.1,42.8
1.6,45.9
6.4,100.0
3.2,62.8
3.7,62.3
5.7,86.9
6.5,100.0
4.0,71.0
5.4,88.6
2.5,59.6
2.3,54.0
2.9,62.8
4.5,77.1
4.6,75.1
2.4,52.4
1.3,37.1
4.3,79.9
1.3,42.7
4.0,72.8
4.7,83.4
4.7,72.0
5.0,84.6
5.7,86.0
3.5,65.2
4.9,80.3
4.2,75.6
1.6,44.2
0.7,37.8
2.2,48.2
3.2,64.3
4.2,73.9
5.6,83.7
1.7,41.3
1.3,39.4
6.3,100.0
1.1,39.3
3.4,60.0
4.0,70.5
3.7,74.6
1.0,36.9
0.8,33.1
1.1,39.4
4.0,73.7
3.8,67.1
1.9,48.6
4.3,73.3
5.4,89.6
0.7,33.6
3.5,66.9
4.6,75.2
2.0,45.1
2.3,54.8
4.2,73.0
5.9,93.8
5.4,86.0
4.0,74.1
4.9,79.2
2.7,55.6
4.3,77.2
3.3,67.1
1.6,41.6
4.7,85.9
3.8,69.8
2.7,52.4
6.0,95.3
0.6,30.6
2.4,54.1
0.8,34.1
5.1,83.9
4.7,75.9
2.5,57.2
4.6,73.9
2.9,54.5
5.0,83.8
3.2,67.4
3.0,58.3
6.1,97.6
2.0,51.8
1.2,41.7
4.0,69.9
6.3,93.6
2.8,49.5
0.9,34.4
2.5,57.9
3.5,61.3
1.5,44.7
4.4,72.3
6.5,100.0
3.2,64.3
2.6,52.6
2.9,58.9
1.2,37.3
5.8,94.2
3.0,60.3
2.8,57.4
4.5,82.2
3.2,64.1
4.4,73.2
0.9,35.0
5.4,86.8
6.1,95.4
4.4,84.4
6.2,97.6
1.4,34.0
3.4,62.2
4.1,65.4
4.0,69.8
2.9,51.4
2.5,50.7
1.3,34.6
2.9,59.7
1.5,42.3
4.9,82.4
1.8,45.3
0.9,30.5
3.8,70.5
4.1,78.9
5.7,92.0
4.0,69.5
2.6,49.9
5.3,82.8
3.7,69.1
1.0,40.3
3.9,70.8
5.9,95.6
2.9,60.8
2.3,53.2
1.4,38.8
1.4,41.7
3.1,57.7
4.1,72.2
1.0,37.7
6.1,100.0
5.0,77.9
4.0,72.7
5.5,93.4
1.0,39.2
3.4,67.0
4.3,76.5
5.5,92.8
5.2,81.0
2.2,45.4
6.1,95.1
1.2,31.2
5.8,96.0
6.3,100.0
1.6,41.9
4.8,78.9
0.7,32.8
2.9,58.5
3.6,66.8
4.0,73.0
6.1,94.5
4.5,80.1
3.4,65.7
5.4,85.0
6.2,100.0
0.6,27.1
6.4,98.3
1.0,39.9
5.4,84.6
2.2,51.4
1.3,41.9
3.1,57.6
4.4,75.3
2.8,56.7
0.8,32.3
4.1,80.2
5.9,90.2
2.8,60.7
1.8,44.3
3.2,58.0
0.8,34.6
5.4,89.4
5.5,91.5
4.0,76.5
2.6,65.2
5.3,86.8
3.8,66.4
5.5,89.8
4.3,73.5
5.2,88.0
4.1,67.6
3.0,67.8
6.2,99.3
3.7,61.7
4.1,69.7
1.8,48.6
4.3,78.6
3.9,65.4
1.6,45.9
0.9,28.5
4.1,71.8
5.1,87.5
3.6,64.5
1.9,41.6
4.5,77.3
1.0,34.4
3.2,64.0
1.5,39.2
1.6,40.7
1.7,37.5
2.8,57.8
0.8,33.6
2.9,54.2
3.6,67.1
3.4,67.7
2.8,56.4
5.5,89.2
1.4,42.1
3.5,61.0
0.9,42.5
0.9,33.7
3.9,72.1
3.9,72.5
5.8,91.2
3.8,70.8
6.3,98.3
0.8,29.2
1.1,36.5
0.8,32.1
1.6,41.8
3.7,63.0
4.4,79.5
0.8,39.8
6.2,99.7
5.6,93.8
2.3,50.2
1.0,34.3
1.5,39.5
1.3,42.2
1.2,39.6
3.6,66.1
2.0,52.5
2.6,56.3
6.4,95.7
4.6,75.5
6.2,98.7
1.4,44.7
2.8,59.1
3.8,75.3
1.0,42.2
0.5,32.3
4.5,73.8
4.4,71.0
3.0,58.1
3.4,66.7
3.0,65.9
0.6,33.4
2.5,57.8
1.6,42.5
1.1,39.8
6.2,99.2
4.1,65.2
4.9,79.9
2.4,55.9
2.9,59.3
1.9,42.7
1.1,29.1
1.6,42.1
5.3,85.7
4.6,74.8
3.8,69.2
3.4,65.9
6.0,96.3
0.9,27.1
2.2,45.7
2.6,53.8
5.2,86.8
6.5,100.0
1.9,48.5
5.7,89.2
5.5,87.1
1.8,43.2
2.9,61.0
3.0,56.3
6.4,100.0
1.6,44.1
5.3,85.8
2.5,51.5
4.9,76.6
3.0,57.2
4.0,69.8
5.5,80.0
5.3,85.3
5.7,93.8
0.9,37.3
4.7,77.3
1.3,40.1
3.0,57.6
3.8,69.2
2.9,63.7
3.6,69.8
6.5,100.0
1.3,38.2
4.6,80.5
2.9,52.4
1.3,39.1
1.5,44.3
6.2,98.9
5.8,94.0
5.9,93.9
6.4,97.9
1.7,46.4
2.6,51.6
4.5,73.8
3.4,64.3
3.0,60.1
2.6,48.5
4.1,73.7
4.0,73.7
1.5,42.0
3.3,71.3
3.8,66.3
3.9,68.6
1.8,44.3
5.0,82.2
0.7,31.9
2.6,50.0
5.2,82.9
3.9,69.5
2.1,53.5
4.7,86.8
3.9,74.5
5.3,83.2
4.9,78.9
4.2,72.7
3.4,70.3
1.3,39.4
2.1,44.5
3.0,57.7
4.1,74.8
3.6,68.8
2.2,49.6
0.5,33.1
3.5,57.3
2.2,50.7
4.9,84.4
0.6,29.0
4.0,68.1
6.1,88.6
1.5,47.8
3.3,60.4
1.0,37.3
4.3,76.6
3.8,74.0
2.9,57.8
3.6,64.5
5.9,93.5
1.7,49.0
0.6,31.3
5.7,87.2
4.0,65.6
5.8,87.4
4.1,75.2
5.4,86.0
3.1,58.5
5.0,80.0
6.0,94.3
3.9,69.0
1.6,42.4
2.1,53.9
1.7,49.9
2.0,42.4
2.3,52.6
3.8,66.0
4.0,70.1
3.1,61.7
4.2,72.6
1.0,37.3
1.0,38.9
1.5,43.3
3.6,64.1
1.8,43.5
2.2,45.3
2.9,55.4
5.4,94.0
0.6,29.1
4.4,71.4
4.5,77.9
5.3,85.6
6.1,94.5
0.6,36.8
1.4,43.0
5.8,89.8
3.3,61.5
3.9,68.1
4.5,79.8
4.6,76.8
6.1,88.9
6.5,99.6
4.8,74.8
2.2,57.9
5.8,88.3
0.8,33.6
1.9,47.8
5.9,91.8
2.0,47.0
1.8,47.2
1.3,45.3
5.7,93.2
3.5,70.4
4.5,73.1
1.9,48.0
5.0,83.0
5.1,84.9
2.4,57.4
3.0,58.7
1.8,44.3
6.4,100.0
4.4,69.4
6.1,94.3
2.3,51.0
5.2,81.6
5.1,87.3
4.6,74.2
6.3,97.0
2.9,59.4
1.3,44.7
4.5,76.7
4.9,84.6
4.0,73.5
1.7,45.0
3.5,61.4
2.4,47.6
3.1,61.0
4.4,73.7
5.0,85.7
1.9,49.5
2.9,57.7
2.1,45.1
1.7,46.3
5.2,81.2
6.0,91.3
2.7,52.6
5.0,82.0
5.9,96.9
5.6,89.4
1.6,41.8
6.2,91.0
2.8,59.1
2.5,51.0
0.9,35.8
3.4,62.9
1.2,41.7
2.0,47.4
2.4,52.4
5.4,88.8
5.8,99.1
2.3,54.6
5.7,90.2
5.6,89.4
5.1,81.8
1.4,37.8
4.6,76.0
6.2,93.6
4.6,80.2
2.5,50.0
3.5,69.9
4.4,78.2
3.6,66.5
1.2,38.8
2.4,50.6
5.3,86.9
5.7,94.4
1.3,37.5
6.2,90.9
2.5,56.2
4.5,77.9
5.0,78.6
5.4,84.5
6.2,93.3
2.4,50.1
5.7,89.4
1.3,39.0
4.7,76.8
5.0,79.8
4.6,77.1
2.0,48.6
5.7,89.4
1.5,46.3
0.8,36.0
4.8,74.6
3.4,65.9
5.6,91.5
2.8,55.7
1.5,37.0
5.5,88.3
3.8,68.7
1.6,39.5
4.8,75.1
3.6,66.1
4.1,71.3
3.3,61.5
5.5,88.0
5.5,84.4
4.8,78.7
1.1,39.5
5.5,87.0
4.5,70.9
4.7,77.4
2.7,52.3
5.8,92.6
4.9,82.5
1.2,33.0
2.9,61.0
5.8,87.8
0.8,39.7
6.3,97.3
4.6,73.5
4.3,70.5
2.1,50.4
2.0,46.6
6.2,96.0
2.3,57.1
5.2,82.4
2.9,58.6
1.3,44.9
0.6,32.8
3.8,63.1
6.4,100.0
2.7,52.0
2.6,59.8
2.6,52.0
3.6,76.8
3.1,65.8
5.8,88.9
3.5,65.3
3.5,67.9
1.3,42.7
6.4,100.0
2.0,52.4
0.9,34.9
4.5,75.5
4.1,70.9
3.0,62.5
3.0,60.8
5.2,85.8
1.7,47.3
5.4,79.9
4.4,76.7
3.0,60.3
3.2,67.6
2.0,42.6
5.0,88.0
3.6,66.7
2.4,54.3
4.1,78.0
6.5,100.0
3.1,62.1
6.0,94.8
2.6,53.2
0.8,34.1
1.7,42.0
3.0,59.3
1.8,37.5
0.5,32.3
6.0,93.6
5.6,88.2
5.0,83.3
1.5,37.2
1.2,45.6
0.9,35.0
4.8,79.7
6.1,91.8
3.1,60.7
1.2,43.7
3.6,70.0
2.6,57.9
2.7,58.0
4.2,72.0
4.8,75.1
1.2,38.1
0.7,32.2
6.5,100.0
1.9,47.9
0.8,39.8
1.6,47.6
0.7,31.5
2.9,52.1
5.3,90.8
2.5,58.5
3.2,57.0
4.6,83.2
3.6,67.7
5.7,91.1
5.7,96.2
0.6,36.6
5.2,87.1
3.3,64.6
6.4,100.0
3.4,62.7
6.4,98.4
5.0,79.3
2.0,46.8
3.7,66.3
6.5,97.5
5.6,89.9
1.1,36.5
4.7,80.8
2.6,49.2
0.5,30.4
2.9,58.8
1.9,45.8
5.4,86.5
2.5,48.2
5.5,89.5
0.5,33.0
2.3,53.2
1.9,50.5
1.9,47.6
0.9,37.0
1.6,43.9
3.8,71.1
2.2,44.8
3.0,56.4
2.8,62.8
5.8,83.1
5.9,92.4
3.5,69.4
2.5,53.4
1.1,36.2
6.2,96.8
0.9,34.1
2.3,51.6
2.3,49.1
2.4,56.5
1.5,47.2
5.2,84.3
1.2,33.9
4.3,72.6
1.2,38.2
0.9,37.1
6.0,90.5
1.6,40.7
5.4,88.9
3.8,72.0
1.0,34.3
6.2,91.6
2.0,59.5
5.7,93.3
1.5,41.3
5.6,92.4
0.6,31.5
3.6,69.4
5.1,84.2
6.1,95.5
6.0,93.6
5.4,82.0
5.8,98.5
1.7,41.3
2.2,45.5
2.2,49.6
2.8,53.8
2.9,58.2
3.8,71.1
1.5,45.7
4.6,80.8
1.5,41.2
2.4,52.8
3.5,66.7
5.3,79.8
4.9,83.3
4.4,70.5
1.4,48.2
3.8,67.3
1.0,35.9
2.8,54.5
3.0,57.3
0.7,41.0
2.1,52.4
6.2,90.9
6.2,100.0
2.6,59.1
0.8,33.2
1.6,44.5
2.9,58.3
6.2,100.0
1.3,37.2
5.1,84.2
1.2,37.3
6.4,93.6
2.8,64.9
5.2,80.7
2.6,55.7
4.3,68.4
1.7,43.2
1.4,42.6
6.1,92.3
6.0,96.1
5.8,90.8
4.3,78.5
5.3,90.7
0.9,33.3
2.5,54.0
2.4,53.2
4.3,76.6
2.6,55.0
1.4,41.8
4.1,71.3
5.4,87.5
2.8,61.7
1.3,42.2
1.7,47.0
1.9,49.4
2.3,50.9
4.4,76.7
4.1,68.4
4.7,83.5
2.7,46.3
5.4,86.8
1.7,48.5
3.3,58.2
5.3,87.3
1.6,41.0
1.2,37.5
5.8,95.0
2.6,55.6
4.6,70.8
0.7,29.6
4.6,81.3
2.4,54.2
0.8,40.3
4.2,79.2
1.9,45.7
2.8,66.0
1.0,36.6
1.4,37.7
2.3,49.2
1.0,28.6
6.0,99.6
0.5,36.3
3.4,60.5
1.2,38.0
2.3,51.8
6.1,91.8
1.5,36.1
6.3,96.7
1.7,43.4
4.9,80.0
3.8,69.5
5.8,96.7
3.8,67.6
3.7,68.1
1.7,47.1
1.5,44.2
6.0,91.8
2.5,54.1
2.7,58.0
5.1,79.7
2.5,58.2
6.2,100.0
4.9,78.8
4.1,72.8
5.8,93.9
0.8,32.3
2.0,49.7
3.3,63.5
1.9,41.7
5.0,84.1
6.0,90.1
3.0,62.8
2.6,52.6
6.3,96.9
3.2,66.6
3.4,65.8
2.6,51.1
6.0,90.4
3.9,67.8
5.1,85.0
5.4,88.4
2.6,51.9
3.1,56.6
5.6,90.4
2.7,55.4
5.3,93.5
6.1,95.3
4.2,79.6
4.9,77.3
5.3,80.4
5.6,85.5
2.9,62.5
0.8,40.3
2.9,55.6
4.5,75.1
3.2,57.7
5.0,76.2
2.6,57.4
4.3,75.2
1.6,43.4
5.0,77.6
3.8,74.4
1.7,42.8
2.3,53.3
5.0,77.4
3.4,63.4
1.8,46.7
6.3,98.6
4.8,80.7
6.2,98.0
3.1,56.7
3.4,64.8
5.9,93.2
3.7,68.4
4.7,79.3
2.0,43.5
3.2,57.2
1.2,31.1
1.7,47.4
0.5,33.6
0.7,36.0
6.4,99.7
2.0,40.5
4.5,73.2
5.5,88.8
3.8,69.2
1.4,40.3
4.9,82.6
4.1,72.2
4.9,81.8
5.1,81.4
6.4,100.0
3.9,68.3
2.5,49.1
4.4,72.9
0.9,34.1
5.9,96.3
1.2,38.7
2.5,53.1
5.4,82.7
4.1,74.9
2.9,56.1
3.3,62.6
5.6,94.6
2.5,55.5
5.7,84.9
1.0,30.3
5.2,84.6
5.6,85.2
1.6,45.7
3.1,60.8
1.5,42.8
4.7,76.6
3.7,73.6
4.3,84.4
1.7,43.6
1.8,46.9
0.7,33.4
2.4,51.7
3.9,66.9
5.6,85.6
4.5,72.8
3.1,62.1
6.2,94.5
4.8,71.2
6.1,96.7
3.7,67.4
2.1,53.9
0.8,35.5
4.9,76.2
1.2,31.0
2.3,48.9
3.7,65.4
3.9,73.2
4.1,72.1
1.5,46.2
2.8,52.6
4.2,76.7
6.3,100.0
4.9,74.3
6.0,98.6
5.1,84.0
4.1,73.5
1.7,41.5
4.5,81.2
4.2,69.1
4.1,75.1
3.4,67.0
3.7,64.1
2.5,60.7
3.6,67.2
1.7,46.8
5.3,80.6
1.6,50.8
1.0,32.2
3.1,64.2
4.4,72.1
3.1,58.5
2.2,53.1
3.8,72.3
2.6,50.5
6.1,99.0
6.0,97.7
3.5,62.0
2.5,59.3
4.9,76.3
0.7,30.9
3.3,64.6
2.5,50.8
6.0,94.9
0.6,32.7
3.8,68.0
4.9,84.3
3.4,63.3
1.0,37.3
6.3,100.0
3.6,69.2
4.2,76.1
1.9,42.8
3.4,65.9
3.1,57.6
0.9,30.9
1.1,37.4
5.5,85.1
1.9,49.6
1.7,47.4
3.5,58.6
5.1,80.8
0.9,30.2
4.0,69.4
1.2,40.4
0.7,32.2
0.8,32.1
5.5,92.8
1.2,30.7
0.8,38.5
3.1,58.7
5.6,89.1
2.1,47.3
3.0,64.9
0.7,28.7
3.2,61.8
4.0,72.8
3.9,64.2
2.5,50.5
2.4,52.1
1.1,34.5
2.7,53.2
1.1,36.4
5.1,85.9
6.3,96.3
6.3,100.0
5.7,87.1
4.1,67.8
4.7,85.8
2.2,48.0
4.3,69.9
3.2,55.7
3.4,67.9
5.0,81.3
2.2,49.4
2.4,52.0
6.0,97.5
0.8,33.6
3.4,72.3
6.0,94.5
4.2,77.0
3.8,71.5
2.0,47.9
2.6,52.8
5.6,90.6
3.9,71.6
3.6,64.4
1.1,38.2
0.6,36.2
6.3,100.0
2.8,60.2
4.1,78.7
1.0,34.3
4.6,80.4
6.1,99.8
4.0,67.9
1.3,38.3
4.0,77.1
5.1,80.2
2.9,53.7
5.8,97.0
4.4,79.8
5.9,94.4
4.2,73.1
1.3,38.4
2.4,53.6
1.7,50.1
6.0,94.8
5.1,91.2
4.6,74.8
2.3,51.4
1.6,42.1
5.0,78.7
3.3,62.4
1.9,48.3
4.2,75.1
0.7,40.6
2.5,55.4
3.3,67.0
1.4,41.3
6.4,100.0
1.8,54.1
1.3,41.8
1.7,41.1
5.1,81.7
3.1,61.6
3.9,71.4
0.6,34.3
0.7,34.7
3.2,61.8
5.4,84.9
5.8,93.1
1.0,43.0
3.7,71.1
6.0,95.9
2.8,60.8
5.5,87.0
1.3,38.2
6.1,92.5
5.0,82.1
6.1,93.7
4.6,82.1
2.7,54.4
6.1,92.3
2.2,57.1
2.5,52.2
4.7,79.6
5.1,85.2
6.1,91.2
1.7,48.9
5.3,88.2
4.9,86.8
0.9,33.0
2.8,57.5
2.2,50.4
2.3,52.4
6.4,93.5
4.4,76.0
4.8,75.2
6.4,99.9
2.8,49.7
5.3,79.5
3.1,63.5
5.7,88.6
1.6,39.9
6.2,100.0
1.8,46.8
2.5,56.8
5.0,81.9
2.9,67.7
4.1,70.0
3.2,67.9
5.0,82.3
1.9,41.1
0.9,37.0
2.3,52.6
3.3,59.3
1.5,39.0
2.6,54.8
2.9,59.6
0.8,25.6
4.0,74.7
5.8,90.0
1.4,36.4
4.1,75.4
4.5,76.7
3.0,63.8
4.7,80.6
3.0,59.5
3.5,64.7
0.5,32.4
4.7,77.6
4.5,73.8
0.7,35.2
2.7,55.5
6.4,98.7
3.0,63.3
3.5,64.9
6.0,94.1
4.8,78.1
4.0,72.5
5.3,87.2
5.7,93.7
3.2,59.8
3.4,62.5
2.8,60.0
6.3,98.3
4.7,75.9
1.0,41.1
5.7,84.6
3.4,66.8
0.9,30.9
3.8,75.3
3.0,54.1
5.8,95.7
1.7,44.3
5.5,87.0
3.8,69.3
0.8,36.4
6.3,94.3
3.6,63.5
2.2,52.6
3.3,57.0
5.6,87.4
2.3,62.1
1.7,41.2
1.3,44.0
2.3,49.4
5.2,86.6
3.3,65.2
1.9,50.8
1.5,41.5
2.5,60.7
6.1,93.1
2.6,55.7
6.4,99.5
3.4,60.2
1.6,42.4
5.8,92.3
3.3,61.4
4.8,88.7
6.4,95.7
0.8,38.3
1.1,40.6
4.8,80.2
2.2,47.3
1.6,40.7
0.7,31.2
0.6,25.6
5.1,80.1
1.3,34.8
3.3,67.7
4.1,74.3
3.1,63.4
0.7,35.1
5.2,85.4
0.6,37.0
5.1,81.5
5.9,93.2
3.1,63.3
3.7,62.9
3.4,74.9
2.8,57.3
5.8,92.2
5.9,97.2
2.5,57.0
4.2,73.4
6.1,95.6
6.3,92.2
3.6,64.5
3.2,63.6
2.2,51.9
6.3,100.0
1.4,40.7
4.0,66.1
2.2,54.0
2.2,55.3
2.9,61.5
6.5,99.2
0.8,37.9
4.0,83.0
1.0,36.9
1.4,36.5
3.1,58.6
3.6,68.6
2.1,43.5
2.4,53.2
1.0,37.8
2.3,56.8
6.3,100.0
6.2,99.3
2.5,46.2
3.9,73.1
6.0,96.5
0.5,31.6
5.4,81.0
6.2,93.6
1.0,32.4
1.5,35.2
6.3,97.4
3.7,64.8
0.6,41.1
2.0,47.4
3.2,66.3
4.7,73.6
4.9,79.5
6.5,100.0
2.2,47.1
3.7,66.1
3.7,66.8
2.9,57.5
1.5,48.7
6.4,99.9
5.6,91.1
3.5,67.1
4.1,74.3
1.9,46.6
3.8,67.6
4.7,79.6
3.6,70.4
6.4,100.0
4.2,72.5
2.7,58.7
5.1,83.0
1.5,42.4
2.8,55.5
2.6,54.3
3.1,65.3
5.2,85.1
3.4,64.6
5.3,80.9
4.0,69.9
2.6,54.1
5.4,84.2
1.9,46.9
1.8,44.2
3.5,65.5
2.1,49.6
0.6,28.6
4.4,74.2
3.6,66.7
3.2,65.9
6.3,98.3
3.9,67.5
5.7,91.9
1.3,45.9
3.9,73.1
5.7,92.5
4.0,73.5
4.8,85.2
2.7,59.8
1.1,39.6
3.2,65.5
2.9,54.6
5.7,85.3
2.0,48.5
6.3,97.7
6.2,94.4
2.0,50.9
2.6,48.4
5.9,91.0
6.3,95.8
3.2,56.1
2.4,57.8
3.7,62.8
4.6,75.8
2.1,52.3
4.9,83.6
0.8,30.3
0.8,36.6
2.8,58.2
2.6,63.1
2.4,54.0
3.4,63.6
2.4,49.6
1.7,41.9
2.4,49.7
6.3,100.0
3.0,59.6
3.2,63.8
4.0,76.3
6.4,90.3
1.9,51.3
4.6,78.1
4.8,81.7
4.1,69.3
1.0,33.9
4.6,79.6
0.9,43.7
4.1,75.7
4.9,85.8
1.8,45.0
5.5,86.1
0.7,30.3
5.6,87.7
3.3,55.8
1.8,43.2
1.3,38.0
6.2,95.7
0.9,35.8
1.7,45.8
2.6,54.8
4.2,71.3
3.8,61.8
1.3,37.9
2.2,46.9
1.9,48.5
1.8,48.9
3.0,62.8
4.7,81.7
1.8,45.2
2.7,54.2
2.8,54.6
6.4,93.3
6.2,99.8
5.3,85.3
1.9,42.5
0.9,32.5
2.4,49.6
2.1,49.3
3.5,69.0
5.2,83.6
5.6,81.5
5.6,88.7
2.7,55.5
4.6,77.1
2.4,50.4
0.9,36.1
4.7,79.3
0.6,31.8
3.0,60.9
2.5,52.2
4.7,77.3
5.1,88.5
2.3,53.4
5.4,90.0
2.3,55.7
3.2,63.6
4.9,84.6
4.7,73.5
6.4,99.3
1.9,46.2
4.5,82.6
4.2,76.5
6.0,91.8
1.4,42.4
5.0,83.1
3.9,71.4
2.1,45.6
3.3,64.2
2.5,53.0
4.0,72.0
5.8,89.2
3.9,67.8
4.3,78.6
3.6,62.7
0.8,30.8
1.9,46.7
3.5,62.5
2.4,49.5
1.6,43.8
3.5,60.0
2.4,49.1
2.0,55.2
3.3,64.6
1.3,37.3
6.1,96.6
5.7,92.5
4.7,82.5
1.1,37.2
5.2,88.2
5.3,78.8
5.1,80.0
1.2,39.4
4.4,76.8
5.5,85.1
4.0,71.9
4.4,73.4
3.3,62.0
3.7,71.1
0.7,36.2
4.3,71.0
1.0,32.8
3.1,59.2
2.3,51.4
3.8,66.4
1.3,43.6
4.6,79.1
5.3,87.4
1.5,37.8
1.1,41.7
1.4,31.2
5.8,94.6
3.7,70.8
3.3,61.4
1.1,42.1
4.4,75.4
5.7,90.8
5.5,89.4
4.3,85.6
1.0,41.2
1.2,41.3
0.8,31.0
2.0,48.5
1.3,37.1
2.1,52.0
2.8,57.7
6.2,92.4
4.2,73.6
5.5,85.3
4.8,80.7
1.2,35.8
4.9,81.4
2.2,52.9
4.3,74.3
2.5,52.4
6.5,100.0
2.1,51.6
2.2,46.4
6.1,96.1
0.6,36.5
4.7,81.1
4.9,81.6
5.5,90.5
6.3,99.0
6.4,100.0
0.9,28.3
5.4,81.7
4.4,79.1
4.4,70.3
1.3,41.4
4.4,74.4
6.4,95.1
6.0,95.2
3.1,61.4
0.7,40.4
2.7,53.9
5.5,93.3
4.7,80.3
3.3,60.6
0.8,37.0
3.1,62.6
3.3,63.1
6.1,96.1
4.3,72.4
2.4,49.7
3.7,70.2
0.9,34.6
6.3,97.2
2.7,57.0
3.4,65.0
2.6,49.9
4.6,82.4
4.5,77.2
4.8,79.5
2.1,50.7
2.4,53.4
1.3,42.6
4.4,77.5
0.7,35.6
4.1,76.9
5.7,93.6
5.8,91.1
3.2,57.9
3.3,68.8
1.0,35.7
4.5,75.1
5.4,81.0
2.0,49.2
3.0,60.0
5.5,82.9
5.8,93.3
2.0,46.3
3.8,78.1
1.7,42.6
1.1,36.1
6.0,90.9
5.4,91.6
5.1,82.3
0.8,31.7
5.6,91.9
3.1,55.8
2.6,57.1
3.8,74.9
1.0,38.5
5.0,84.7
4.0,74.0
1.6,49.4
1.6,47.6
1.6,44.9
0.8,37.4
4.0,67.9
5.5,91.0
0.6,28.4
0.8,32.9
3.9,59.1
5.4,88.5
2.5,51.5
2.6,58.8
4.1,73.5
2.1,53.1
0.7,29.3
4.9,85.0
4.3,81.8
4.0,73.7
5.0,85.3
4.6,78.5
1.7,42.7
2.6,57.6
1.3,34.7
1.3,38.5
4.6,71.7
5.7,88.1
6.3,99.7
4.3,76.2
1.6,43.6
1.1,38.2
5.4,80.5
4.0,69.7
4.2,70.9
5.2,82.5
4.7,81.1
5.5,85.2
0.8,32.1
5.0,75.2
5.6,88.4
2.2,46.5
4.3,74.7
2.4,49.3
6.2,96.7
0.7,32.5
4.0,76.9
1.5,44.0
4.8,73.8
1.6,39.0
1.9,47.0
3.5,62.0
6.0,83.6
1.8,50.4
1.4,43.6
5.1,85.5
3.5,63.1
6.0,95.5
1.4,38.6
4.4,76.3
1.9,43.6
1.4,46.4
4.6,72.4
4.1,76.5
5.0,82.6
2.4,50.9
3.2,62.4
2.9,60.9
6.4,100.0
2.3,52.5
2.3,48.3
2.6,55.1
3.9,76.2
2.0,52.7
6.0,97.2
2.1,51.9
5.9,95.3
1.1,41.7
4.4,74.0
5.9,88.1
1.5,42.5
6.3,94.6
3.2,58.1
6.2,93.8
4.6,86.6
2.3,51.9
1.6,44.7
2.3,47.2
1.1,31.2
1.4,38.2
1.1,42.7
3.0,60.7
5.3,88.0
1.3,42.5
1.3,37.9
4.4,80.5
1.7,42.3
1.1,42.6
1.5,43.8
6.0,87.7
5.4,84.5
2.6,48.7
4.4,79.7
3.7,67.5
4.6,70.1
4.6,79.2
4.3,72.6
2.1,44.0
0.7,38.9
3.2,62.2
5.8,90.7
3.9,68.5
5.5,83.0
6.4,94.0
1.5,46.7
4.7,77.4
4.5,76.8
6.4,91.4
6.4,94.0
4.6,80.0
2.0,49.3
5.3,92.1
1.1,42.4
5.2,84.0
6.0,95.7
2.8,56.1
4.3,81.6
3.1,64.7
3.1,61.2
2.4,53.3
5.1,88.7
6.1,97.2
6.1,100.0
1.5,34.6
5.7,92.2
4.9,79.5
2.0,54.1
0.9,40.8
2.1,49.3
6.0,99.4
4.3,80.7
4.8,80.5
2.0,56.7
4.8,80.1
0.7,32.3
2.8,60.2
4.3,73.2
1.4,41.4
5.4,92.0
1.9,46.9
4.4,69.7
2.9,59.6
4.1,69.7
1.1,40.7
0.6,34.3
6.0,99.1
2.1,52.3
5.4,90.9
6.5,97.4
1.8,48.5
2.1,56.0
4.5,74.3
6.3,100.0
6.0,92.1
3.5,62.3
5.3,87.0
1.3,42.5
6.4,100.0
6.3,94.1
1.5,43.8
2.3,49.1
1.1,32.4
2.1,45.9
5.4,84.5
2.8,59.0
1.0,40.5
2.6,49.7
6.4,99.8
4.3,70.3
3.0,61.7
1.5,40.1
6.4,94.9
5.4,89.9
2.2,48.2
0.9,34.2
0.8,26.4
1.2,42.1
4.0,73.9
6.1,95.2
3.5,59.9
5.6,93.6
3.2,59.5
4.8,78.6
4.9,89.4
1.5,39.8
2.7,58.6
4.3,76.4
0.9,36.7
2.7,57.0
3.7,68.9
6.5,100.0
3.3,62.8
5.4,92.4
3.1,56.1
5.3,89.5
4.1,75.0
5.8,94.1
3.0,63.4
4.1,71.8
4.3,67.9
3.0,59.2
1.4,37.6
1.1,35.1
0.6,27.6
5.7,88.9
1.9,44.8
1.8,37.4
4.9,83.8
2.4,60.4
3.5,67.4
1.5,41.5
6.3,97.3
5.6,87.9
5.7,90.9
2.9,58.2
5.1,80.7
1.4,47.0
0.6,26.7
0.6,34.4
4.0,70.6
3.2,68.5
3.6,67.6
0.5,29.5
3.0,58.6
4.8,80.3
3.2,57.8
4.9,78.7
1.9,40.6
5.4,83.9
4.0,71.3
1.8,46.8
1.9,39.9
4.3,74.0
5.5,90.2
3.0,58.9
2.0,45.8
5.7,89.1
4.5,74.9
3.2,59.6
3.4,64.7
1.7,52.6
4.3,71.8
2.7,54.9
6.5,99.6
3.4,61.7
3.4,67.9
3.9,61.6
6.0,92.1
5.3,88.8
3.2,60.8
4.8,77.3
4.0,72.5
3.5,68.4
1.7,45.3
3.3,60.1
2.0,49.6
6.0,92.6
2.5,56.4
6.2,100.0
3.7,58.4
4.3,74.8
3.8,62.6
1.3,48.5
2.8,55.6
1.1,40.3
4.2,73.2
3.2,59.0
5.2,81.6
1.8,51.2
1.5,45.6
2.9,65.2
6.1,95.3
4.8,81.2
3.0,58.6
3.6,65.4
1.0,32.9
6.4,98.9
4.5,74.0
2.2,51.8
4.0,71.6
1.2,39.8
6.3,100.0
1.5,42.1
4.4,78.2
2.0,55.2
4.8,84.8
5.2,88.8
4.5,75.7
4.2,74.1
5.9,88.2
1.0,38.2
2.5,54.7
2.0,48.1
6.4,100.0
2.8,53.0
4.9,87.1
4.6,81.1
1.8,45.5
1.9,46.3
2.2,52.0
3.0,64.8
1.9,47.2
0.6,32.4
5.8,91.8
6.3,100.0
2.5,52.5
2.5,53.6
0.5,35.9
4.6,78.4
5.5,92.2
1.4,37.9
1.5,41.5
5.2,90.0
4.2,70.9
0.8,33.7
4.2,74.2
2.4,49.1
2.7,54.6
5.1,84.0
5.4,87.3
2.9,62.8
6.2,100.0
2.9,55.4
5.1,84.0
3.4,66.5
5.9,98.2
5.9,95.4
1.0,37.5
6.1,97.5
5.5,90.6
5.2,81.6
1.7,45.2
5.3,91.1
5.6,88.7
2.2,50.8
6.2,95.5
0.8,26.1
1.4,41.2
3.7,68.6
4.0,69.2
4.4,71.6
0.6,28.8
6.3,100.0
0.8,41.1
1.4,45.9
0.6,27.2
3.9,72.8
6.1,92.8
4.5,74.7
5.4,85.5
0.6,34.4
3.8,72.1
3.3,62.6
3.5,65.0
0.9,37.0
4.6,79.9
3.5,69.4
5.1,79.2
3.4,64.2
1.4,37.4
4.4,75.4
1.5,41.5
5.7,90.4
4.2,70.5
1.4,35.9
6.3,90.1
3.6,65.9
0.9,33.8
4.3,72.1
2.0,52.6
5.3,82.9
5.4,92.1
6.4,100.0
3.5,58.4
3.2,62.1
5.0,81.1
1.3,29.8
3.8,63.6
3.8,71.4
1.0,43.6
3.0,62.7
5.6,90.5
5.6,89.3
1.1,43.5
1.0,44.0
2.1,47.1
5.7,83.6
1.3,32.6
4.8,84.8
1.1,37.5
4.2,73.9
2.6,48.6
5.2,82.2
1.9,45.8
4.3,75.2
1.9,45.5
4.8,76.6
5.7,87.8
1.3,44.2
5.7,91.4
4.1,74.3
1.3,36.8
3.1,50.3
1.5,40.4
4.7,76.0
5.1,84.9
1.1,49.2
3.5,67.7
5.4,96.7
6.1,97.1
3.6,64.2
6.2,97.5
3.7,73.8
2.9,64.8
5.6,87.4
3.5,66.1
3.3,57.9
3.4,67.0
5.6,94.8
5.5,88.4
2.9,56.0
2.5,55.0
3.5,66.7
3.9,70.1
1.9,47.5
5.3,85.3
3.4,67.6
2.5,56.3
1.1,34.2
1.9,43.3
6.2,95.4
2.3,54.0
1.5,42.8
3.3,60.7
2.3,52.4
0.7,31.9
2.4,55.7
3.8,69.9
3.8,67.6
2.6,55.7
3.2,66.4
6.3,95.5
2.8,58.6
2.0,47.8
2.0,49.5
3.2,59.5
5.1,84.0
1.7,48.4
4.8,76.9
0.6,27.2
3.0,55.0
5.2,80.7
2.5,55.8
3.9,64.9
1.7,43.5
5.0,84.7
0.8,35.7
5.6,88.1
1.7,45.2
5.7,90.9
2.6,54.1
4.8,79.5
2.4,60.4
5.9,95.7
1.3,48.6
1.6,41.7
3.5,65.0
1.0,31.8
1.7,41.7
6.2,100.0
6.4,96.8
2.8,63.9
6.0,89.6
3.8,65.0
2.1,48.0
4.7,78.8
4.5,80.0
6.4,100.0
2.1,47.7
4.5,76.3
0.8,33.1
1.2,35.6
0.5,27.6
6.5,100.0
5.3,79.6
5.2,90.5
3.6,65.2
2.3,48.7
1.4,43.7
2.2,55.5
2.8,61.1
5.0,84.3
3.7,71.4
1.0,30.5
0.6,30.1
1.1,34.5
3.0,63.8
6.1,93.8
4.3,77.4
5.3,87.8
3.3,59.9
2.7,54.0
1.2,43.3
5.8,89.0
5.2,85.2
1.5,39.5
3.6,65.3
3.4,63.9
4.3,71.7
6.2,92.9
4.0,72.0
3.7,64.6
0.8,31.4
0.9,32.1
1.6,43.1
0.7,36.4
5.0,87.8
4.8,77.7
1.3,47.5
5.5,84.7
1.4,44.9
2.3,48.9
2.0,45.0
2.7,53.4
2.0,47.8
3.4,66.1
2.9,60.7
6.4,95.3
0.8,30.7
1.4,37.9
0.8,33.8
4.3,73.7
0.8,30.9
5.5,89.2
3.6,74.3
3.7,65.8
3.9,68.3
1.5,44.2
1.7,42.6
2.4,54.9
4.1,69.6
1.8,52.1
1.2,40.0
6.3,95.3
0.6,29.8
5.3,84.2
5.2,89.6
2.3,47.0
1.3,37.6
1.4,39.1
4.7,79.0
4.4,74.7
5.2,79.6
6.1,93.8
4.7,78.7
1.4,38.9
2.0,50.4
5.6,92.6
1.8,45.4
0.9,36.2
4.7,71.5
2.9,56.9
6.0,97.5
4.4,74.1
1.0,33.9
6.2,100.0
2.1,55.5
2.5,55.4
2.9,62.3
0.8,26.4
3.5,62.5
1.2,37.2
2.9,57.5
2.6,53.2
5.1,74.7
5.3,87.3
1.4,43.0
2.7,61.7
2.7,53.3
1.4,38.1
5.3,76.6
4.7,78.0
1.6,46.6
2.7,53.9
1.1,45.2
4.3,73.6
1.2,39.3
6.4,93.8
5.2,85.8
2.8,50.3
4.0,73.4
6.0,96.5
3.8,73.5
1.5,38.7
2.8,57.8
5.6,91.4
4.4,77.1
4.4,72.6
5.7,82.2
5.9,94.1
6.0,93.5
1.1,35.7
3.8,71.4
4.9,81.2
5.0,77.9
4.1,65.4
1.5,38.3
5.3,94.3
4.8,82.7
1.0,37.2
3.3,62.3
1.5,41.4
2.5,57.8
0.6,30.2
2.9,60.4
3.8,67.5
4.2,80.1
4.5,79.3
5.5,92.6
1.8,43.7
1.2,42.5
5.6,88.3
1.4,41.5
6.3,100.0
5.6,85.8
3.5,66.0
6.4,100.0
1.1,39.5
2.3,49.9
4.3,81.8
2.6,50.4
6.1,100.0
0.9,39.6
3.8,75.4
4.0,65.4
4.4,72.6
2.0,53.2
2.7,49.5
5.6,83.8
1.7,42.8
5.5,88.9
3.9,75.4
5.1,83.0
4.8,78.1
1.7,45.6
3.9,71.5
5.7,92.1
3.1,60.0
6.3,90.6
3.2,58.6
1.4,46.1
2.8,57.9
6.2,95.2
2.4,56.5
5.7,86.6
5.8,90.9
2.6,55.4
1.0,35.0
4.8,80.6
2.4,51.9
5.2,79.9
3.2,62.4
3.4,59.5
5.2,85.4
2.8,62.0
3.2,60.8
2.8,53.1
2.7,55.6
3.7,64.6
5.4,89.2
2.7,55.5
3.6,72.4
4.5,80.8
2.1,48.6
2.2,52.8
6.1,93.8
4.8,80.3
4.0,69.7
4.4,78.3
0.7,38.1
4.2,76.1
3.6,69.6
3.8,71.9
2.7,58.0
1.0,32.5
1.7,50.5
6.2,100.0
3.0,58.7
3.3,61.7
0.8,36.3
0.7,35.0
4.8,79.5
3.7,63.2
3.6,67.5
2.0,49.9
5.0,85.0
1.5,43.5
1.6,42.5
3.3,66.4
2.2,50.5
2.0,46.4
4.4,75.0
4.4,69.5
5.4,86.5
3.0,61.9
0.9,36.5
2.1,54.5
6.4,97.7
4.1,73.9
4.8,83.0
0.5,38.9
3.6,66.9
0.7,29.4
3.9,72.8
6.0,100.0
6.3,96.3
3.7,70.5
3.2,66.1
6.2,99.9
4.5,77.2
0.9,32.9
3.3,62.7
1.9,48.5
3.3,66.1
3.2,63.0
4.0,69.7
2.6,56.8
1.5,45.3
3.5,66.6
5.5,85.3
4.5,76.1
2.5,57.1
6.1,90.3
6.0,86.7
1.8,51.0
0.7,34.8
4.9,83.5
5.5,84.5
6.3,100.0
5.8,92.7
4.1,66.6
3.7,72.5
0.7,33.6
2.0,46.6
3.3,61.6
4.3,67.4
3.8,70.8
5.0,83.4
2.2,49.6
3.9,74.3
1.0,31.7
3.0,57.4
5.0,79.5
4.7,78.1
6.4,98.8
2.2,51.8
3.5,64.0
2.5,50.7
3.1,66.6
5.6,97.8
4.6,78.4
5.8,89.1
1.7,49.7
5.7,85.5
0.9,34.2
5.8,89.3
2.5,49.7
2.4,51.6
3.6,63.4
6.1,95.2
0.8,34.3
2.6,52.7
5.6,88.1
2.9,57.5
1.7,47.4
3.0,59.0
2.8,60.1
6.0,96.1
5.1,85.7
3.5,70.1
6.4,94.7
3.3,61.3
0.8,40.4
2.1,48.2
3.1,50.8
1.4,40.4
6.2,96.8
5.1,74.5
2.1,53.8
4.0,68.5
4.8,81.3
6.1,94.4
5.8,87.2
3.6,62.7
5.1,80.4
3.9,73.6
3.8,68.2
1.2,37.0
1.3,36.7
3.7,71.7
2.1,54.3
0.6,36.0
4.8,81.9
0.7,34.1
4.1,67.9
3.7,66.7
6.3,95.1
3.4,57.7
0.9,39.0
3.8,66.3
5.5,92.4
6.5,100.0
3.1,62.6
2.4,54.7
5.9,90.7
1.6,49.9
4.2,73.5
2.9,59.4
0.7,30.8
2.6,51.6
2.1,50.8
4.6,78.7
6.2,93.5
2.1,44.1
5.4,82.7
0.8,38.4
3.7,65.4
0.9,34.2
6.1,100.0
5.1,79.7
4.4,73.1
5.4,84.4
4.4,81.3
6.3,100.0
4.8,82.8
6.0,96.7
3.6,64.4
1.2,45.6
3.7,68.5
1.3,42.9
4.1,71.8
3.4,63.2
4.2,79.1
0.6,33.8
1.7,49.6
3.4,65.0
6.2,93.3
2.8,55.2
3.0,59.9
4.8,78.0
4.1,68.3
2.3,55.7
3.0,57.6
1.8,46.2
6.3,98.5
1.3,37.9
2.7,61.1
0.7,29.1
1.8,46.6
5.2,85.7
1.7,44.4
1.0,32.0
3.3,66.0
0.6,34.5
1.0,34.1
5.3,88.4
5.1,85.0
6.0,89.5
5.6,86.4
4.6,81.9
0.8,35.3
5.2,82.8
5.6,86.4
5.3,84.1
3.6,64.8
1.9,43.9
5.6,83.3
4.9,85.3
6.4,100.0
1.4,36.6
1.9,47.3
1.8,42.5
5.3,85.0
1.6,42.2
0.9,33.9
6.5,100.0
0.6,30.4
5.5,85.4
2.7,53.4
5.5,91.9
3.8,62.9
5.9,90.2
6.1,100.0
0.6,32.8
1.0,37.2
2.0,55.5
4.5,77.6
5.8,89.2
3.3,62.0
4.1,68.2
1.6,47.8
5.3,88.0
6.3,100.0
2.1,53.4
3.5,63.8
1.0,33.2
3.9,69.7
3.5,62.2
1.4,41.7
3.2,65.8
2.5,53.2
3.6,66.9
4.0,70.7
0.6,34.7
5.1,81.3
4.8,72.5
2.7,57.7
0.8,37.7
5.0,84.1
6.2,94.1
1.9,42.9
2.4,54.3
1.6,43.9
4.0,70.6
1.4,47.5
2.6,51.6
4.7,85.3
3.9,70.0
2.8,50.8
3.0,58.9
3.9,73.2
0.5,29.5
1.0,31.3
5.8,91.1
1.0,33.5
4.7,80.8
6.0,96.7
2.1,45.5
2.7,53.6
3.9,72.5
5.8,88.7
6.2,92.5
4.9,77.2
1.0,37.7
4.5,77.8
3.0,57.1
3.3,63.0
0.8,39.5
1.6,40.0
5.2,78.0
3.2,63.4
2.3,51.1
2.8,54.7
5.6,91.7
5.0,85.4
2.1,41.4
1.2,36.5
2.0,56.1
6.0,96.0
4.0,73.4
3.7,71.7
4.1,72.2
2.7,58.8
5.3,88.5
3.6,68.3
1.2,37.7
1.3,40.6
3.7,65.5
6.1,95.2
2.4,48.5
5.7,87.8
5.1,82.7
2.0,44.7
0.7,31.3
1.1,37.1
4.9,82.8
1.7,47.9
2.7,54.4
3.5,69.9
4.9,84.6
1.2,40.6
2.9,58.9
3.4,65.2
3.7,71.7
5.4,91.4
1.5,46.9
5.3,86.1
4.7,81.0
3.8,73.4
4.7,76.9
3.0,58.4
1.3,40.0
4.5,79.9
3.6,69.6
4.3,73.6
2.5,48.5
5.9,93.7
4.0,67.8
1.0,31.3
3.2,57.4
5.0,83.6
5.3,90.7
3.5,65.4
5.9,93.6
2.1,53.3
3.0,54.1
5.9,94.7
5.9,92.8
4.6,79.9
5.7,88.9
1.0,33.6
5.7,91.0
2.4,58.4
1.6,46.4
1.9,45.1
3.0,54.8
2.0,42.1
2.4,57.2
1.3,36.6
2.3,50.3
3.9,74.5
3.2,56.2
2.6,60.1
5.0,81.6
5.9,88.8
5.0,81.6
2.5,51.2
5.0,84.0
1.4,38.8
1.3,33.3
2.6,54.1
5.3,81.2
2.0,48.7
0.9,31.2
1.3,38.2
5.7,91.2
4.3,73.7
2.0,48.9
3.8,71.1
3.7,63.5
4.4,75.4
1.9,35.2
5.7,91.4
2.4,51.5
4.7,75.6
0.6,33.0
2.7,60.2
2.6,53.2
3.8,65.4
0.9,35.9
5.2,80.1
1.8,43.4
4.6,82.2
5.3,86.2
3.9,63.3
4.9,75.1
4.5,77.3
2.6,57.9
5.4,81.4
2.3,53.0
3.9,74.5
5.0,89.1
2.8,58.4
2.3,53.2
3.3,55.5
5.4,94.4
6.1,93.1
3.8,65.4
4.5,75.9
5.9,98.1
1.1,45.4
1.9,47.3
4.8,83.7
5.4,87.3
5.6,85.8
3.0,64.7
1.0,34.3
3.1,66.0
1.9,51.4
2.2,52.4
5.1,90.1
1.0,44.3
5.5,87.6
3.1,57.8
4.1,65.6
1.0,44.4
2.5,52.2
1.0,40.5
6.3,94.9
5.3,91.3
3.3,60.5
1.8,41.5
6.1,94.4
2.6,53.0
1.5,44.3
3.9,69.7
6.2,98.5
0.5,29.7
1.9,44.5
6.1,93.1
1.5,49.4
1.2,39.6
3.9,62.9
5.7,88.7
3.4,64.4
6.5,100.0
4.6,81.5
0.9,32.1
6.5,100.0
2.9,58.2
2.2,54.7
3.8,64.7
2.3,43.1
1.0,31.6
0.5,19.4
3.2,69.2
5.5,89.0
3.9,66.6
6.5,100.0
2.2,51.0
2.2,52.5
1.5,46.5
1.5,41.2
2.2,47.2
5.3,88.8
5.9,95.7
6.4,99.0
1.9,54.5
5.8,90.2
2.5,50.6
1.2,40.3
5.7,88.2
4.3,76.2
1.5,39.3
3.1,59.2
2.2,56.9
4.9,79.9
3.2,59.0
6.4,100.0
0.8,30.5
2.6,52.5
3.4,66.1
3.5,68.5
2.4,56.9
4.9,78.7
5.7,92.6
6.1,93.5
5.3,83.8
5.6,93.6
3.8,66.8
5.5,89.2
2.3,52.0
2.9,54.6
2.4,56.0
3.3,64.9
2.2,43.3
6.3,98.4
2.4,49.9
1.1,41.5
3.7,62.5
0.8,33.0
1.2,40.1
1.8,45.9
3.3,65.6
3.1,55.3
5.3,91.7
4.9,83.2
3.1,65.4
2.5,56.8
2.4,52.6
5.1,79.2
0.8,32.2
0.6,37.5
5.3,90.8
3.4,61.9
1.3,30.1
1.9,46.1
6.1,94.1
5.7,89.7
4.8,82.0
3.4,67.2
3.6,69.9
6.4,100.0
6.3,91.1
1.8,44.5
5.4,95.2
1.7,45.9
1.8,47.0
4.6,79.2
2.9,59.8
6.1,86.8
1.0,35.7
3.6,66.3
6.0,98.5
5.9,93.0
1.4,35.3
2.7,57.6
4.2,70.5
1.5,38.0
6.3,94.5
6.0,95.9
1.5,46.7
1.2,40.5
1.0,38.7
6.0,95.7
1.7,44.9
3.0,61.9
3.2,53.3
4.1,72.5
0.9,31.7
1.9,50.9
6.1,94.6
6.0,94.1
5.2,79.5
0.6,35.5
2.5,55.9
4.3,76.4
2.2,47.5
6.0,91.3
4.3,75.2
0.9,32.9
6.0,95.5
6.2,88.7
1.0,34.8
3.7,73.8
2.3,53.0
2.9,58.9
1.6,50.3
4.0,62.8
6.2,93.4
3.5,63.8
1.0,39.5
4.2,76.4
2.5,50.7
5.6,92.9
3.1,59.2
1.7,48.8
1.6,39.8
5.1,83.2
2.1,47.4
5.1,87.3
1.7,42.7
2.4,52.5
3.3,64.7
6.2,98.2
6.1,98.3
1.7,45.3
2.6,53.4
1.4,39.9
3.6,66.5
3.3,63.8
5.9,92.3
6.1,95.2
2.8,51.9
3.5,67.6
5.9,93.5
5.3,89.5
0.5,30.8
2.4,46.5
3.0,58.2
1.9,46.2
1.7,47.2
0.7,25.8
4.4,75.7
2.1,50.9
0.8,31.9
1.9,47.1
5.3,83.8
5.6,86.8
3.4,62.7
3.0,57.0
6.4,100.0
1.7,42.0
1.8,42.5
2.3,57.6
1.5,45.6
2.8,50.7
6.0,91.3
4.2,74.1
3.0,60.6
6.1,89.9
0.8,38.3
1.8,48.6
3.9,71.5
4.2,78.0
0.7,34.6
2.9,59.9
4.4,81.1
4.7,82.9
4.3,71.5
2.4,54.8
1.1,35.3
3.1,62.4
1.3,41.6
6.2,91.5
3.4,63.7
2.4,53.5
5.1,82.1
3.5,66.4
2.4,55.4
5.4,87.0
5.7,91.3
4.5,81.6
0.8,35.9
3.9,70.6
5.1,80.3
1.3,42.3
1.9,48.0
5.8,96.2
0.6,32.1
5.0,76.1
3.3,57.0
3.2,64.4
0.5,28.8
5.4,88.6
2.7,56.4
3.7,67.0
4.6,77.6
4.7,76.0
6.2,96.2
3.7,65.5
2.9,57.0
6.2,95.2
4.4,74.8
2.3,54.7
1.3,39.5
5.6,93.0
2.7,61.4
4.5,79.7
3.3,64.8
1.7,45.7
4.1,75.2
0.9,35.7
3.0,62.9
3.8,70.8
3.1,59.4
5.0,85.6
5.5,88.6
5.1,83.3
0.7,31.4
1.7,45.1
3.7,71.0
6.1,98.3
5.5,89.5
5.6,91.5
2.3,55.9
3.1,60.1
3.3,59.0
1.4,45.7
0.7,31.2
6.2,93.9
1.9,40.6
1.9,48.8
1.0,30.8
6.1,92.5
4.0,73.1
4.5,79.3
6.0,91.7
2.6,54.4
4.2,70.2
0.7,31.1
1.6,44.3
5.5,86.5
5.1,82.8
2.6,49.8
2.8,61.2
3.7,69.3
0.5,33.5
1.9,51.4
1.7,41.7
2.0,46.7
5.3,79.3
2.2,61.3
1.6,42.9
3.5,68.9
5.7,86.2
1.9,50.3
1.0,43.0
2.6,54.7
5.0,79.0
3.8,68.2
5.4,79.3
6.3,97.3
5.3,88.8
4.1,72.0
3.5,64.3
0.7,34.9
6.4,100.0
2.8,51.4
1.4,41.4
4.5,85.3
2.2,45.6
4.0,70.7
4.0,77.8
3.2,65.7
5.5,86.5
2.1,49.9
3.2,61.8
3.7,64.9
4.5,76.5
5.2,83.8
2.9,58.7
4.4,73.0
1.4,36.6
6.1,95.0
2.8,63.2
4.9,81.6
0.6,30.7
1.7,47.2
3.4,63.5
5.8,98.2
3.7,67.5
6.1,97.6
3.4,61.5
3.4,65.9
1.2,39.8
5.3,85.8
2.0,46.2
5.9,90.6
6.0,95.0
6.2,98.5
3.6,66.0
4.6,78.9
5.2,84.7
1.3,40.3
4.1,71.4
0.7,33.1
3.5,74.7
1.4,42.2
1.6,45.7
2.7,57.6
3.1,59.7
4.2,77.8
0.9,34.3
3.5,68.9
1.6,42.2
3.9,66.5
4.3,75.7
3.8,64.8
4.9,83.2
2.5,49.6
5.1,82.5
3.1,55.6
3.4,74.0
4.4,69.8
0.6,31.9
4.4,79.6
4.2,76.9
2.4,55.6
1.0,35.4
1.0,41.2
6.0,97.2
4.6,78.6
1.3,40.8
2.6,53.8
4.1,69.0
5.5,92.6
0.8,38.8
1.9,43.8
5.8,91.2
0.6,31.4
1.7,44.4
6.3,97.7
4.2,76.6
2.1,46.5
0.9,32.4
0.7,37.4
2.0,46.4
5.8,87.3
3.0,57.8
4.8,79.0
6.0,99.4
2.9,61.6
1.6,47.4
3.6,69.3
5.9,96.2
5.3,83.5
0.9,34.7
4.7,75.6
3.9,69.1
5.9,95.2
1.2,39.3
3.7,72.1
5.8,87.7
3.0,61.3
3.4,59.7
0.9,35.7
2.2,52.9
2.4,51.8
6.2,98.2
2.2,46.9
3.3,57.1
4.5,78.7
1.5,48.4
3.4,60.6
4.9,85.6
5.7,90.7
4.3,69.8
4.5,72.8
1.3,40.0
6.2,94.9
1.3,35.4
5.1,77.7
2.1,46.2
6.1,95.8
4.8,80.2
5.0,80.7
1.8,46.4
3.2,65.4
4.2,74.7
5.1,83.2
1.1,40.9
6.3,94.1
5.8,90.9
2.1,48.4
5.4,82.8
3.6,64.9
3.3,55.7
2.4,59.3
4.0,67.7
4.9,86.9
3.0,59.6
4.3,76.4
4.7,77.3
4.8,80.9
0.8,36.5
5.7,92.9
3.2,64.5
2.1,47.9
2.0,46.3
3.4,58.5
5.8,93.5
2.8,61.0
5.0,88.2
1.1,38.7
3.4,61.4
6.5,93.8
5.1,87.3
1.8,39.4
3.5,64.1
1.9,46.1
3.0,59.3
5.2,84.9
5.1,84.1
1.9,38.4
6.0,94.1
4.1,64.3
2.8,59.8
3.5,63.3
4.1,64.6
3.9,67.0
3.4,62.1
3.5,69.4
1.6,44.1
5.4,88.3
3.8,72.8
1.3,39.6
5.1,86.3
6.1,97.5
6.2,91.8
2.7,61.2
1.3,35.0
3.6,69.6
1.2,33.5
6.1,97.3
1.6,49.9
2.0,47.3
2.9,57.5
2.8,59.3
5.3,84.8
3.2,68.2
1.5,42.9
2.1,48.0
3.6,64.5
1.4,37.8
4.2,71.1
3.9,68.6
4.8,78.5
6.1,92.8
6.0,100.0
6.2,92.7
2.0,48.5
1.3,42.0
2.3,53.7
5.9,92.6
6.3,96.6
5.7,92.1
1.2,39.7
6.2,95.4
3.0,54.0
0.6,30.3
3.2,57.8
0.8,31.9
3.8,68.8
2.5,55.0
3.3,69.2
4.2,71.4
5.7,93.3
4.5,77.8
3.1,65.2
5.4,89.1
5.9,89.3
1.2,32.8
3.7,68.6
2.2,48.5
0.8,30.8
4.5,72.3
5.7,91.1
1.5,47.5
5.4,85.7
5.6,91.5
6.0,93.6
2.1,44.6
5.9,95.4
2.4,48.8
3.8,68.8
0.8,33.0
0.8,37.3
4.8,76.5
3.2,63.2
2.0,45.1
1.6,41.6
4.5,64.0
0.5,38.1
5.3,87.9
1.0,33.8
1.6,39.5
2.8,55.5
3.4,66.6
2.6,48.3
2.4,52.1
6.3,100.0
4.3,70.5
0.6,32.2
3.1,68.4
5.8,93.9
2.3,51.9
1.1,39.4
5.1,82.2
4.1,76.7
3.9,68.5
0.8,27.3
1.3,38.6
4.2,69.9
1.7,43.6
3.5,64.3
3.8,72.9
2.2,52.7
6.2,97.2
5.6,89.4
4.8,76.5
1.0,28.9
1.1,38.0
3.5,68.0
1.5,41.9
6.4,96.7
1.5,43.9
3.4,63.8
2.7,62.0
4.3,78.8
1.3,43.3
3.1,63.3
2.1,44.6
5.8,94.0
0.7,34.4
6.0,96.1
5.5,90.0
2.3,53.0
5.2,94.3
0.7,32.8
6.3,100.0
3.7,65.9
2.3,54.2
2.7,59.3
0.9,36.6
6.4,100.0
0.7,30.0
4.4,73.9
3.2,62.5
6.2,99.4
2.0,48.6
3.7,72.1
3.4,61.8
4.7,75.1
0.9,36.4
1.7,44.3
1.8,47.6
4.9,81.3
1.6,42.2
3.9,69.6
1.8,45.8
5.7,89.5
6.2,95.6
3.6,65.0
2.6,57.9
1.9,47.5
0.8,42.1
2.1,49.7
4.4,73.7
3.7,76.9
6.2,97.7
2.9,61.8
4.7,81.1
3.4,66.3
3.6,68.3
2.1,45.3
3.2,63.1
3.3,58.3
4.7,78.4
6.1,92.6
2.5,55.0
0.8,35.4
3.5,66.9
3.8,69.7
1.5,40.1
5.1,82.7
6.4,100.0
6.2,100.0
1.7,40.5
5.8,86.3
4.7,76.5
3.2,65.5
3.7,71.8
5.6,86.2
3.4,65.2
2.7,62.5
3.5,66.7
4.0,76.0
1.6,46.9
5.9,89.7
4.5,76.1
4.3,74.6
1.1,38.0
4.1,75.4
1.2,40.2
1.0,26.2
3.7,63.0
2.9,50.7
4.0,71.6
1.0,37.3
3.1,61.6
1.5,38.9
6.4,100.0
3.9,72.4
4.6,73.5
2.5,48.6
1.1,37.6
6.4,100.0
2.2,56.2
3.0,61.5
4.4,73.0
0.6,35.0
5.4,85.5
3.7,64.9
2.2,42.8
0.9,35.7
1.5,40.0
5.9,93.2
4.6,69.9
2.0,48.6
0.9,26.8
4.6,81.7
3.9,71.7
2.9,57.4
2.7,58.0
1.8,42.3
4.5,77.0
6.3,100.0
1.6,32.6
4.1,70.6
3.0,59.4
3.2,61.1
2.0,53.1
5.5,84.3
3.4,61.9
3.8,62.0
2.3,56.7
1.6,42.5
1.0,35.0
4.8,80.0
1.7,46.8
4.6,79.1
2.8,66.5
3.0,61.1
3.3,61.3
2.7,54.1
1.1,36.3
2.4,47.3
4.5,76.9
4.5,79.5
2.2,48.2
3.3,60.1
1.7,49.9
1.8,40.7
0.6,24.7
5.9,88.8
1.8,40.3
1.9,48.2
2.2,49.0
1.3,39.2
4.3,78.5
1.0,34.1
1.3,42.7
4.4,80.9
2.5,52.2
4.7,81.6
3.8,67.9
2.0,51.2
4.4,70.1
1.2,33.0
3.7,66.2
3.1,57.5
2.1,47.3
4.1,71.4
5.7,93.1
6.5,98.3
4.1,69.3
2.9,57.1
1.9,44.2
2.0,44.7
3.4,58.5
2.7,56.3
6.0,92.0
2.7,59.4
2.7,51.0
2.8,55.3
5.5,94.6
4.4,72.3
4.2,72.5
2.5,49.5
5.4,82.4
0.7,38.5
5.7,91.1
3.6,66.9
2.9,52.4
3.5,66.5
4.5,80.8
0.6,35.9
5.7,92.9
3.2,57.8
2.6,56.0
1.3,42.3
3.1,54.4
3.5,61.3
2.9,61.5
4.6,81.0
3.0,54.1
6.3,100.0
4.1,72.5
5.3,88.7
1.2,36.6
2.9,60.6
2.5,56.7
3.9,68.6
5.7,90.6
1.0,34.2
0.9,41.1
5.6,89.0
1.8,42.5
4.5,74.2
3.8,69.1
5.5,90.9
1.3,35.3
1.3,46.4
3.8,69.8
6.2,97.9
3.0,59.2
2.5,53.8
4.1,71.6
6.1,98.7
5.5,88.2
6.5,100.0
0.6,30.4
1.2,39.5
4.2,70.5
5.4,91.4
2.2,47.4
1.9,45.7
5.2,83.7
0.8,33.0
2.7,58.6
3.5,64.1
3.9,74.7
4.9,78.5
2.6,55.5
4.2,70.6
4.0,72.5
3.8,68.6
4.3,73.9
2.1,53.3
1.0,34.2
1.2,40.9
1.8,43.0
3.5,65.6
5.5,84.1
4.7,76.7
5.2,84.5
2.6,61.3
2.9,58.7
2.9,64.1
1.7,45.3
0.9,34.0
4.0,76.4
6.4,100.0
1.5,40.0
0.8,35.8
5.2,83.8
2.0,41.0
5.5,91.5
4.7,82.9
6.2,100.0
3.0,61.0
4.5,75.9
3.3,65.9
4.3,77.4
3.2,67.5
1.6,43.2
3.5,64.7
3.7,65.0
5.4,89.0
4.9,75.9
4.5,79.5
1.2,40.9
4.8,82.2
3.5,65.7
5.9,98.2
6.0,97.1
0.8,32.1
5.4,85.0
0.7,30.0
2.7,58.0
3.8,65.2
1.4,44.9
5.0,87.1
0.6,28.8
1.5,41.6
4.0,71.1
4.8,83.3
6.0,99.6
4.7,73.2
4.5,75.6
2.9,57.4
0.5,25.8
1.2,37.1
3.7,69.0
4.6,76.9
3.0,54.1
4.9,91.4
3.6,67.3
0.9,35.7
1.7,40.7
5.5,89.2
4.8,79.6
5.9,86.2
1.2,35.1
6.4,100.0
1.8,52.5
0.6,33.2
6.5,100.0
2.2,49.8
4.5,76.4
1.6,47.2
4.0,76.8
5.9,97.4
2.4,48.9
4.5,76.5
1.6,44.4
4.2,72.4
2.5,55.1
1.8,48.6
2.4,56.1
1.6,49.3
5.9,91.7
2.9,53.6
2.0,49.3
3.2,68.4
2.4,50.9
5.0,84.9
6.3,99.9
3.1,61.3
5.7,90.6
3.9,66.6
1.4,33.1
4.6,74.0
3.6,65.0
4.4,79.4
5.8,91.3
3.1,58.8
5.9,89.7
5.0,84.8
3.4,68.9
4.1,75.9
2.5,55.9
6.4,93.4
4.5,75.5
0.8,41.0
2.5,57.7
4.2,67.9
0.8,34.0
0.6,33.2
3.2,59.1
2.5,45.7
3.1,61.0
2.1,46.4
1.5,39.5
4.6,76.7
3.6,65.9
1.7,44.5
2.4,49.5
4.1,71.4
0.9,29.2
1.4,42.2
0.9,25.4
5.4,86.1
5.0,85.7
5.0,78.8
4.8,82.7
4.5,80.8
3.4,52.5
4.4,75.1
0.7,23.0
4.2,72.9
5.2,84.8
3.5,56.6
2.6,61.6
2.2,51.3
4.4,72.6
4.7,84.2
5.7,84.3
2.6,50.6
5.1,75.6
3.9,76.2
5.8,92.9
3.7,69.9
3.6,67.5
4.0,73.0
5.0,82.8
6.3,98.4
0.9,35.7
0.8,32.1
6.1,95.0
3.7,68.5
4.2,73.7
3.4,58.9
1.1,32.9
5.1,87.4
5.0,81.4
2.4,54.6
2.3,47.6
5.5,83.1
0.9,32.4
5.8,90.9
2.0,45.7
4.1,76.7
6.1,95.8
4.6,84.4
3.0,60.9
4.6,69.5
2.6,58.6
2.2,45.0
6.5,100.0
5.0,79.8
4.4,83.1
2.6,59.9
0.8,31.6
0.7,32.6
3.8,69.6
5.1,86.7
3.7,67.7
5.5,84.7
0.7,30.5
2.7,56.0
1.9,51.2
3.2,63.3
0.9,32.6
6.2,98.6
1.8,44.3
6.0,97.1
3.1,69.5
6.4,97.3
3.8,71.5
6.1,92.5
0.5,30.4
5.0,82.6
5.9,92.2
1.3,48.6
1.1,36.6
3.0,61.6
6.1,88.4
3.8,70.2
3.7,71.5
1.3,38.1
0.5,22.0
5.4,87.0
1.0,36.6
4.3,77.0
6.0,100.0
1.8,44.4
4.5,73.8
1.0,32.4
4.1,72.8
1.5,43.9
4.9,79.4
2.3,54.2
3.3,64.6
4.1,72.3
1.5,39.1
4.9,79.7
2.3,42.9
4.5,77.6
1.4,41.2
4.6,78.6
1.3,41.7
3.1,62.0
2.0,47.6
5.0,82.7
2.1,44.2
5.8,89.7
5.9,93.0
1.7,42.0
4.2,76.3
1.0,34.2
2.8,58.0
4.8,80.6
4.5,79.4
4.2,76.5
2.2,52.7
2.8,49.8
1.1,41.8
4.8,85.5
3.5,63.6
4.8,81.0
2.0,44.9
2.4,45.8
2.5,51.2
0.7,31.2
2.5,52.5
5.3,82.6
5.9,90.3
3.6,66.4
3.2,59.1
0.7,35.0
5.8,94.1
0.6,40.2
6.2,100.0
3.4,65.0
2.6,52.7
6.0,95.0
0.6,33.0
4.0,69.2
3.8,71.4
1.8,40.8
3.1,59.8
4.4,77.5
4.9,80.3
0.5,30.0
6.1,94.7
1.5,39.3
1.9,51.0
2.1,45.6
0.7,34.2
1.2,40.2
6.4,95.3
2.4,52.9
1.2,35.6
1.1,42.5
4.8,76.2
5.6,87.1
2.0,43.7
0.6,27.1
1.8,51.3
0.8,36.1
1.1,38.1
3.1,58.4
1.9,50.0
3.6,63.5
2.0,50.8
6.1,92.1
5.9,90.6
3.9,72.5
2.6,57.9
2.8,59.3
3.0,55.8
4.9,79.8
3.2,62.3
5.6,86.4
6.2,100.0
2.5,45.3
3.9,67.1
1.1,35.9
1.7,34.6
3.0,54.6
1.7,46.7
5.8,91.8
1.4,46.6
3.2,67.2
4.1,73.7
4.7,80.1
2.8,57.4
5.7,81.3
3.9,65.0
3.1,61.0
0.9,37.5
3.3,64.0
5.4,84.0
4.2,76.6
5.5,93.4
3.5,68.5
1.2,42.3
0.6,29.9
2.3,55.2
4.7,79.6
5.2,86.6
2.3,52.7
3.5,64.8
3.0,56.5
3.0,59.2
1.9,50.3
1.3,38.4
1.7,47.7
0.8,36.8
1.7,43.5
0.6,36.8
4.3,73.2
2.4,57.9
6.3,99.0
1.7,44.5
2.6,51.8
2.6,54.6
0.6,31.2
5.5,83.8
0.7,32.3
6.1,92.3
5.9,94.9
3.7,72.1
3.8,64.4
4.4,81.6
2.8,56.8
4.4,72.2
0.8,36.9
0.8,32.6
3.2,61.5
3.8,67.3
5.8,88.8
1.1,40.2
5.4,86.1
1.8,40.7
2.9,60.3
2.4,48.4
2.9,54.3
1.4,45.3
3.5,61.1
5.3,77.8
3.1,62.8
3.4,63.0
5.6,88.6
4.7,77.9
3.4,64.9
2.0,45.4
5.8,96.9
4.0,65.8
1.8,47.3
2.1,51.4
5.3,83.3
0.8,30.6
6.5,100.0
1.3,36.5
5.3,83.8
2.9,61.5
3.5,65.4
5.8,85.4
3.0,65.6
3.7,65.7
0.8,32.8
0.5,31.6
2.0,50.2
4.6,84.8
1.2,33.0
1.2,41.7
3.0,62.1
4.4,75.1
4.8,83.0
1.6,46.7
1.0,31.7
6.1,100.0
2.1,43.7
5.6,85.4
5.7,89.6
5.1,90.4
1.5,41.2
5.4,87.0
5.1,88.7
4.1,71.1
2.5,49.6
2.1,47.7
1.2,43.6
3.6,66.6
4.0,77.8
2.7,58.6
3.4,61.8
2.7,56.2
4.3,71.5
5.9,90.5
1.5,57.9
2.8,60.8
1.3,43.0
4.2,71.1
4.9,86.8
6.1,99.0
2.2,56.9
6.2,100.0
0.9,30.2
4.1,68.3
0.8,30.7
5.9,89.5
3.7,68.7
4.5,74.8
5.5,95.5
1.4,47.8
0.7,33.0
5.8,98.5
2.4,57.8
1.3,38.4
3.3,55.9
4.1,71.4
0.7,30.8
2.1,49.9
0.7,33.4
3.0,59.7
5.9,94.7
6.4,94.4
4.3,75.9
1.5,40.7
5.9,93.5
3.6,69.8
1.4,36.8
6.0,93.0
5.0,82.1
4.9,79.6
4.8,83.3
1.7,42.0
1.8,43.8
4.6,75.4
1.8,49.5
3.1,58.9
5.2,86.4
5.2,91.7
3.2,61.5
5.3,89.8
5.5,94.1
4.4,79.2
1.9,46.8
2.1,51.4
2.4,48.1
1.2,36.1
2.1,47.0
1.8,53.5
3.2,59.0
6.0,91.1
1.1,34.0
4.8,82.2
4.6,78.4
1.1,41.5
6.0,96.3
3.9,65.0
2.7,53.2
5.0,87.3
2.0,47.3
4.7,83.2
0.7,32.5
5.5,84.9
3.2,60.7
4.3,71.1
1.8,43.7
4.6,78.6
5.1,85.4
3.3,57.4
4.2,73.2
3.2,59.7
5.9,90.6
3.5,65.7
5.6,87.5
5.3,90.8
3.0,63.7
1.9,51.0
2.9,56.6
5.5,84.9
1.9,47.1
3.6,65.9
5.3,83.8
2.6,50.8
4.4,75.5
2.0,46.6
1.2,41.2
5.3,88.3
1.1,41.5
2.1,44.7
5.6,90.8
2.6,52.4
6.3,93.2
6.4,97.1
2.1,52.9
0.7,31.7
4.7,84.5
3.2,63.7
1.1,36.3
4.7,83.1
0.7,34.6
5.7,87.3
1.3,46.5
1.3,40.9
1.6,43.5
6.3,94.5
4.7,83.2
5.3,87.8
2.9,60.6
2.5,52.0
1.9,49.8
3.4,67.3
3.8,66.4
4.3,69.5
2.0,50.0
6.2,90.8
1.5,42.8
6.3,95.9
0.6,36.2
3.4,62.7
2.5,57.6
3.2,60.0
3.9,73.3
3.1,67.9
3.0,55.8
4.9,82.4
4.6,87.5
5.5,88.5
2.0,48.2
4.2,76.1
4.0,71.1
2.7,50.1
3.4,68.1
2.4,45.6
1.4,39.6
1.8,49.9
1.1,36.4
4.6,75.5
4.5,79.8
6.2,93.3
4.9,77.1
0.8,35.2
5.8,91.1
5.7,86.2
3.2,64.0
4.0,72.6
6.4,97.3
3.7,66.5
5.9,94.5
1.0,40.7
1.6,42.4
3.1,62.9
4.0,73.0
5.4,90.2
6.4,98.7
2.8,54.0
0.8,32.6
5.3,87.1
4.1,78.5
1.7,42.9
3.5,68.1
5.0,81.4
5.1,84.0
3.5,70.6
2.3,54.1
6.3,93.1
4.5,74.7
2.9,62.7
2.2,50.8
4.9,77.3
2.0,45.1
1.5,44.7
3.7,71.0
2.2,50.4
4.3,83.1
1.2,41.7
4.4,74.7
2.2,47.4
0.5,27.3
1.3,41.1
6.1,93.4
5.7,96.4
1.9,52.0
5.2,87.0
4.2,69.2
6.3,95.1
2.7,60.4
4.6,75.9
0.9,39.3
2.9,60.0
6.3,97.6
3.7,65.1
2.2,50.0
1.2,39.5
4.7,82.7
4.4,72.5
2.7,55.1
6.2,96.5
0.6,34.2
2.3,48.3
6.0,89.4
2.4,55.0
2.0,42.7
3.7,72.0
5.4,86.6
1.1,32.2
6.2,94.6
5.3,87.3
1.6,41.5
4.8,80.3
2.8,59.8
2.9,57.6
5.2,81.5
6.3,96.4
1.3,44.9
3.0,65.4
3.4,57.0
2.8,61.0
2.7,56.9
0.8,37.4
4.6,76.0
3.1,54.5
1.7,46.6
5.4,83.8
5.3,81.1
3.4,59.5
2.3,53.6
4.3,74.9
2.2,53.0
1.9,49.2
4.9,79.9
0.7,32.8
1.1,35.9
0.5,30.0
1.4,37.7
0.9,36.7
6.5,100.0
2.2,47.4
1.4,45.6
1.9,47.2
6.1,96.0
3.6,60.5
2.7,49.7
5.7,91.1
2.9,61.1
2.5,51.4
1.7,50.4
2.8,59.8
2.4,49.4
4.6,78.0
2.2,59.0
4.0,66.7
0.9,37.2
1.6,42.3
2.9,60.8
6.1,99.6
2.8,55.8
4.5,80.7
2.0,55.8
1.3,40.2
0.9,38.1
2.3,49.4
1.4,41.2
1.5,41.6
5.1,86.4
0.6,36.1
3.8,68.3
2.8,62.6
3.5,70.6
3.9,72.8
2.4,50.8
2.3,49.3
4.9,78.5
5.7,93.9
1.7,40.3
1.1,40.0
5.9,89.1
2.6,57.8
3.8,68.8
2.7,60.7
1.3,43.9
4.0,76.0
3.7,72.7
1.7,45.1
3.2,57.7
5.3,82.3
4.0,63.7
1.1,33.9
3.8,68.9
4.7,77.1
5.3,85.3
4.3,76.2
1.4,40.0
4.8,76.3
4.6,77.7
0.6,28.8
3.0,58.6
2.5,58.4
4.5,75.8
1.8,51.9
4.0,76.0
6.0,92.0
5.3,82.1
6.0,93.8
6.4,100.0
0.6,30.2
4.2,76.5
3.0,63.7
5.7,87.8
2.0,45.6
6.4,100.0
4.2,73.8
5.3,83.5
1.0,35.3
1.6,43.2
5.1,78.2
0.6,34.6
5.4,85.4
0.6,22.2
4.4,75.5
2.7,53.5
4.2,79.2
4.7,77.0
2.6,51.1
1.1,39.4
0.9,33.0
4.0,68.3
3.6,68.2
5.0,78.9
3.6,61.3
3.0,65.5
2.9,60.4
0.7,32.1
2.5,53.7
6.4,100.0
5.7,94.0
2.5,51.1
4.0,72.3
5.6,87.6
3.1,60.0
0.6,32.5
0.9,35.3
3.6,69.0
6.3,99.2
4.7,73.8
0.9,30.6
1.6,42.1
5.1,90.1
5.5,85.3
4.2,72.6
4.4,73.7
0.7,31.1
5.5,88.9
5.2,89.7
2.1,50.7
4.8,77.4
1.8,55.3
0.7,33.3
1.7,42.5
1.6,48.3
2.5,52.1
3.0,65.3
3.6,63.4
3.4,69.1
2.1,49.9
0.7,37.6
4.1,78.8
2.9,54.4
2.3,55.9
5.7,85.6
5.0,78.8
5.6,86.6
3.5,67.0
1.3,40.1
4.7,78.5
1.7,45.1
3.1,62.7
0.9,37.7
5.5,92.1
1.3,46.3
5.9,92.8
5.7,88.7
3.3,65.1
5.0,78.5
4.2,70.9
5.3,89.4
3.1,60.2
5.2,80.6
3.3,57.7
6.1,95.3
3.4,68.1
3.3,66.9
5.2,85.2
5.4,94.1
3.8,68.3
1.6,42.9
3.3,54.0
6.3,95.9
5.0,85.5
5.4,92.6
0.7,30.1
3.3,64.6
4.4,79.3
5.5,88.3
0.8,26.2
5.6,90.3
3.8,71.4
1.7,41.2
2.4,51.7
2.2,46.3
3.7,58.6
0.8,37.8
1.5,42.2
5.4,92.7
1.3,43.0
1.9,45.6
3.2,61.5
3.6,68.4
5.1,87.0
3.2,62.9
5.2,88.7
4.2,72.3
1.2,35.3
1.4,40.9
3.1,61.4
2.9,54.1
5.0,77.8
4.0,72.6
2.8,55.8
1.5,41.7
1.9,45.6
4.0,76.3
3.0,63.9
3.6,62.1
1.5,40.4
4.5,79.7
5.6,91.5
2.0,47.9
3.4,60.1
6.4,96.2
2.5,51.9
4.1,73.1
1.0,42.5
4.1,69.7
1.0,32.9
6.3,97.1
4.8,83.8
5.2,79.7
4.7,84.1
4.0,70.4
3.2,59.2
5.7,84.9
6.2,98.8
3.5,64.7
6.1,95.7
4.0,67.8
3.7,66.4
3.2,60.1
1.8,45.3
0.5,28.4
1.9,41.5
3.6,75.9
2.8,52.4
3.2,62.4
6.4,92.4
2.6,47.9
3.2,62.1
1.3,40.6
0.8,38.6
5.2,86.2
3.9,69.3
5.1,80.3
1.4,46.3
3.9,73.1
2.0,43.6
1.9,47.0
0.6,32.4
1.3,38.7
2.4,55.3
1.2,41.7
6.4,97.9
2.4,51.6
1.3,45.2
1.7,47.8
4.0,71.3
0.9,29.6
5.7,91.8
6.3,99.9
2.0,38.4
3.2,62.7
0.6,30.4
4.3,73.7
3.0,56.3
2.1,48.6
1.7,49.4
4.4,74.0
3.0,62.9
1.6,40.6
4.6,80.6
3.9,69.9
5.7,91.8
1.2,38.8
5.2,87.0
4.5,67.8
1.2,33.8
4.7,80.5
3.1,53.5
6.2,94.4
1.3,39.8
4.4,72.7
2.8,54.8
6.2,97.3
2.5,57.3
6.3,94.1
5.9,90.8
2.1,46.6
5.3,77.5
6.5,100.0
2.0,51.3
3.1,64.2
3.6,63.4
2.3,47.1
0.6,32.0
1.8,48.6
2.2,50.8
3.2,62.8
1.5,46.2
5.7,88.0
4.7,78.3
1.0,42.2
4.4,74.9
4.4,71.2
6.2,94.0
0.5,27.5
2.0,49.3
6.1,92.0
6.1,96.1
4.8,77.6
5.1,76.2
1.0,37.6
3.6,66.9
1.9,48.7
1.6,41.0
5.4,84.4
1.3,41.4
3.3,68.3
6.1,95.2
1.6,44.9
6.4,97.5
6.5,94.3
3.8,72.1
1.5,45.4
2.4,55.1
3.0,58.9
2.4,54.7
2.2,53.4
6.3,100.0
1.4,44.6
4.9,81.6
0.5,26.2
4.1,72.7
6.0,94.9
2.2,52.8
1.6,48.1
4.4,75.3
4.8,87.6
4.6,71.7
2.4,54.1
2.0,45.2
6.2,89.6
6.0,93.3
3.2,56.7
5.6,88.8
3.2,61.9
3.0,63.4
1.4,35.8
3.1,63.8
3.7,67.9
0.6,35.5
3.2,60.3
5.2,80.1
4.6,73.6
4.3,69.9
6.0,95.7
0.6,37.1
3.8,66.7
5.2,87.0
3.7,62.2
2.4,53.2
1.3,42.3
5.8,86.6
3.3,62.2
5.8,94.2
4.0,60.7
4.5,81.4
5.3,87.2
4.5,79.3
2.9,56.9
3.6,60.4
5.3,87.8
2.7,55.8
2.8,57.3
1.1,41.5
6.0,96.7
1.0,43.2
4.4,76.1
3.0,57.1
2.9,57.7
4.6,79.4
0.9,38.9
4.1,67.0
5.1,83.7
5.5,93.9
1.5,41.4
5.9,96.1
4.4,77.3
5.8,95.0
3.4,61.3
3.8,65.9
6.0,94.1
5.9,87.5
3.2,60.9
2.1,50.0
2.9,64.6
2.8,58.6
2.2,52.5
2.1,53.2
5.7,87.2
0.9,34.8
4.6,86.4
1.5,42.0
2.6,58.8
0.9,38.7
2.1,44.0
5.1,84.7
5.8,92.2
1.8,46.9
3.3,60.3
3.3,59.0
5.7,88.9
5.1,83.3
3.6,70.5
4.5,83.1
5.6,94.3
0.6,34.9
2.9,54.8
5.9,91.4
4.9,82.1
3.8,66.5
3.7,69.6
2.6,57.4
3.6,68.3
4.4,79.2
3.0,56.3
4.8,83.5
5.7,88.1
1.4,37.8
3.2,63.7
2.9,62.6
4.6,79.6
2.0,48.1
4.3,75.5
5.8,92.2
3.0,55.6
6.0,89.7
6.5,99.5
1.1,37.9
1.9,46.9
6.2,98.7
6.2,95.5
1.1,39.6
0.6,31.4
1.5,48.6
6.5,100.0
1.6,51.6
3.5,66.5
5.6,88.7
0.6,28.8
4.1,67.1
2.2,46.8
5.7,87.5
2.2,51.7
4.6,76.1
4.5,77.4
1.8,50.2
0.7,32.7
3.0,66.8
2.2,46.2
5.4,86.6
5.3,84.1
3.2,65.1
4.1,64.3
4.1,67.1
5.5,87.9
3.1,66.1
2.2,51.1
2.1,44.4
3.7,63.4
3.2,67.7
3.1,58.5
1.0,33.2
4.8,85.4
1.8,49.2
1.7,49.0
3.0,56.2
1.9,41.5
4.0,71.5
2.7,57.2
3.2,63.1
3.7,72.7
1.7,38.5
1.4,44.1
5.8,87.9
3.1,63.6
3.0,57.8
0.7,30.2
3.5,63.1
3.8,63.6
3.9,70.0
4.7,76.3
1.6,46.2
2.0,50.2
5.4,93.0
6.2,97.6
1.3,41.8
3.5,70.2
1.8,43.5
0.9,30.1
2.5,54.5
1.4,36.1
4.8,88.8
3.7,72.6
1.4,48.7
0.6,32.1
5.3,87.9
1.6,41.8
4.1,75.2
2.5,49.5
4.0,62.1
2.4,49.8
1.0,31.4
1.8,50.9
1.6,49.8
3.1,55.7
4.4,80.1
2.1,52.5
0.6,26.4
3.6,65.0
4.1,70.1
6.3,100.0
4.0,66.7
3.3,62.6
3.9,67.4
6.1,96.8
5.5,87.5
2.4,50.7
1.9,46.1
2.1,56.3
3.5,63.8
5.0,78.9
3.5,67.3
0.9,34.8
4.8,75.2
5.3,93.8
2.2,49.1
4.5,75.4
3.1,61.2
5.8,97.8
5.6,83.5
3.7,68.5
4.6,85.2
5.8,92.2
3.5,60.9
2.4,50.4
5.0,83.2
1.8,50.4
2.8,56.0
5.7,93.4
4.8,75.2
2.9,53.3
1.8,44.0
2.6,59.9
2.2,50.5
1.6,44.4
5.0,83.5
2.0,51.9
3.2,59.7
2.8,59.6
6.4,95.7
2.8,64.1
1.0,33.7
1.0,33.4
4.0,72.9
4.1,72.4
3.0,60.6
3.1,61.4
0.8,30.4
3.6,72.0
3.5,68.4
1.4,45.9
1.1,35.8
1.2,40.3
1.1,38.3
4.2,77.2
1.7,48.6
2.0,48.7
1.5,36.9
6.2,100.0
5.6,91.3
1.9,44.7
2.5,55.2
1.8,40.4
3.5,68.9
0.6,26.8
4.5,76.0
3.6,67.3
5.9,96.5
1.5,42.6
5.3,88.2
5.3,85.9
1.3,39.8
2.9,58.6
1.5,41.6
2.0,42.1
2.1,46.5
3.8,69.6
3.0,58.6
6.2,95.8
1.3,38.8
6.3,94.4
1.9,45.1
5.1,82.6
2.5,53.8
1.4,42.5
5.6,88.8
2.4,49.0
4.5,71.9
3.9,78.9
3.3,59.0
3.5,63.4
4.9,83.2
1.0,37.8
4.5,78.6
5.9,91.3
0.8,35.0
1.3,40.2
4.8,79.1
3.1,61.5
2.9,62.0
1.3,39.9
3.5,65.2
1.3,43.7
3.4,67.5
5.1,89.2
2.0,41.9
3.4,67.3
6.5,100.0
4.6,74.8
5.5,89.1
3.0,63.2
5.1,80.7
0.7,34.6
1.2,41.8
1.7,40.8
2.9,57.9
5.6,90.5
2.6,52.1
4.4,72.5
4.8,79.7
4.0,73.8
2.6,57.2
4.0,68.0
2.6,57.2
1.0,33.6
6.5,94.1
1.3,38.7
0.9,39.3
5.8,94.0
2.3,51.4
4.4,74.1
2.5,52.4
2.8,57.6
2.1,45.4
2.6,53.7
3.0,58.7
4.8,75.5
3.6,63.5
6.2,97.7
0.8,34.2
3.5,64.2
4.0,67.8
6.0,99.5
0.8,31.3
3.9,70.7
5.6,87.7
2.0,48.1
5.8,93.3
0.6,27.1
4.9,81.3
6.1,99.3
4.4,81.8
3.1,60.2
0.8,34.3
6.0,100.0
3.3,66.9
0.7,30.9
4.6,75.7
3.4,67.4
1.2,35.3
1.8,49.5
0.9,36.5
3.9,71.7
4.2,72.4
3.5,63.0
5.4,92.2
5.7,89.7
4.2,71.9
0.6,31.6
4.7,79.7
3.0,55.9
3.9,67.9
4.4,73.4
2.6,57.9
6.0,90.9
1.3,33.8
4.5,69.9
0.5,25.6
6.0,98.8
1.2,38.9
1.1,39.4
2.5,55.6
2.7,56.2
1.8,45.4
4.0,74.7
3.2,62.3
0.7,37.9
2.4,54.8
5.4,84.9
4.6,76.2
4.8,77.7
4.7,83.3
2.4,51.2
1.1,34.9
2.1,50.3
5.5,87.9
6.4,99.6
3.5,71.9
0.6,35.1
1.3,40.0
2.4,47.7
4.0,69.3
1.0,39.0
6.2,92.2
2.7,63.5
6.0,94.1
5.2,85.0
5.0,80.2
4.1,73.9
4.3,70.4
4.3,82.0
4.3,79.1
3.8,72.1
6.4,93.7
4.9,82.1
5.2,89.0
5.7,92.6
1.8,42.2
1.0,34.2
3.4,62.5
3.6,64.3
5.5,93.6
3.2,55.1
3.9,72.1
3.7,63.0
0.7,29.7
4.2,66.3
5.5,86.3
1.4,46.4
4.1,73.1
4.1,68.0
1.5,45.8
1.2,43.1
6.4,99.0
2.9,65.5
1.9,49.7
1.5,44.6
4.5,73.9
4.2,75.5
4.4,76.4
1.0,38.3
5.9,90.5
2.8,57.6
2.4,49.7
3.3,55.4
2.8,60.7
5.7,85.3
6.1,95.5
2.3,52.6
5.7,91.7
5.2,83.8
6.1,96.1
2.0,49.6
4.0,73.6
2.1,55.2
5.4,87.9
0.5,31.0
3.9,66.7
2.5,55.3
2.4,54.9
4.4,74.9
5.6,91.3
4.2,72.3
5.6,91.7
2.1,52.3
3.6,69.5
3.2,62.2
0.6,28.3
3.8,66.6
4.5,78.8
4.1,80.7
4.9,80.2
3.9,71.4
0.9,33.4
1.2,35.4
4.1,69.8
2.1,41.9
1.0,41.2
3.1,52.8
3.8,67.8
2.5,49.6
4.8,77.1
4.4,80.4
2.5,54.5
5.0,79.1
4.4,73.5
4.3,71.8
3.8,68.5
0.6,32.5
4.7,85.7
2.8,50.5
6.2,96.2
5.4,86.0
4.0,74.3
2.0,49.2
1.7,46.6
2.5,55.0
3.4,60.8
2.3,55.7
3.6,69.2
1.5,45.5
6.4,100.0
1.1,39.1
6.1,100.0
6.0,95.3
3.7,66.8
4.8,80.2
3.1,60.6
4.3,72.6
2.5,59.5
2.3,52.5
4.0,71.3
3.5,66.6
4.0,81.4
2.2,46.3
2.7,53.1
1.0,31.7
0.8,33.4
2.0,48.9
0.9,33.7
1.1,35.8
5.4,87.6
0.7,31.3
4.5,77.8
2.1,53.0
5.7,92.9
3.4,67.2
2.3,55.3
3.6,67.4
2.8,56.6
3.9,67.1
1.2,37.4
6.5,97.9
3.1,63.2
2.6,56.1
4.8,82.6
2.7,52.0
5.5,93.3
3.2,60.3
4.8,76.3
1.1,36.1
5.6,98.1
4.9,80.0
1.8,44.6
1.4,40.4
2.4,52.1
6.4,95.9
2.0,48.5
3.2,65.6
0.7,34.2
2.9,54.5
3.9,68.6
6.2,94.4
3.6,66.6
5.4,91.8
3.8,68.2
0.7,32.7
2.4,58.8
4.0,74.1
6.2,98.3
5.7,97.4
1.9,48.6
1.8,38.7
1.7,47.5
6.0,88.4
5.6,91.0
5.1,77.7
2.9,56.7
3.5,64.0
3.3,60.3
2.0,46.8
3.5,68.9
0.7,30.6
1.3,41.9
5.8,88.3
5.0,81.8
3.0,60.6
3.6,62.9
2.7,51.5
4.9,83.1
5.2,88.7
5.1,83.4
4.8,78.6
1.7,45.1
2.5,53.9
3.3,63.8
2.5,44.9
5.0,78.8
2.5,50.8
1.3,40.5
2.9,59.0
6.4,100.0
1.9,47.8
4.2,68.7
3.1,65.7
0.9,39.8
3.4,59.7
4.7,80.2
3.6,64.3
5.7,91.0
2.2,54.0
1.0,44.0
6.1,97.8
2.8,58.2
4.0,69.8
5.3,86.6
2.4,57.4
4.8,80.0
1.3,36.8
2.2,44.6
1.4,42.9
5.4,88.0
1.8,43.4
4.8,83.8
6.2,94.8
3.7,67.1
3.7,67.5
3.3,61.7
2.5,54.6
3.4,68.1
4.1,68.2
6.4,100.0
6.1,95.8
5.7,91.1
5.8,94.8
3.3,63.1
4.4,77.3
5.9,95.4
2.9,56.6
6.3,98.5
3.0,58.6
4.1,71.7
4.8,79.1
6.2,97.9
2.0,48.3
5.0,83.9
3.6,66.3
2.1,43.5
5.2,84.9
3.8,68.9
4.5,77.6
2.4,50.5
3.4,59.9
4.2,75.5
2.9,57.4
1.7,45.1
6.3,96.5
3.6,66.4
4.9,79.8
3.0,56.1
2.6,56.6
2.9,56.2
3.0,60.1
3.8,70.1
3.8,66.6
3.5,61.0
1.3,48.4
3.5,63.4
1.5,44.4
1.3,46.7
6.1,97.9
4.1,71.1
4.5,76.5
2.9,55.4
6.0,97.1
4.3,76.4
5.1,81.8
2.7,52.4
6.3,92.8
5.4,90.6
5.6,89.8
1.5,43.0
2.1,46.3
2.2,45.2
2.1,52.5
5.6,89.5
0.7,36.2
1.0,35.1
2.1,48.3
1.7,47.0
1.9,49.4
5.3,88.7
3.9,68.8
0.5,32.9
3.1,64.5
2.9,58.0
1.2,37.0
4.6,82.6
4.7,76.8
4.8,82.4
4.9,81.1
0.5,24.3
6.2,100.0
5.4,77.4
5.9,85.9
0.6,33.7
6.1,97.0
5.4,84.9
5.5,88.8
1.1,28.8
4.9,83.8
6.3,98.3
4.6,77.7
3.9,69.9
6.2,98.0
3.2,61.7
4.1,65.6
3.4,71.8
6.1,99.4
1.0,32.0
3.5,64.0
4.6,77.1
5.3,89.7
4.0,63.4
6.0,92.3
6.2,90.1
0.9,34.4
2.9,56.7
0.6,32.2
2.5,51.6
3.7,64.9
6.0,96.2
5.6,91.0
1.3,41.9
1.1,37.0
4.0,69.0
3.7,67.1
2.1,50.9
5.9,85.2
6.1,96.5
2.9,59.4
5.8,91.9
2.8,56.7
4.9,72.4
3.4,62.6
1.2,45.1
6.1,95.2
3.2,60.7
4.9,81.4
2.7,57.3
0.6,34.2
1.1,36.8
3.5,66.7
4.6,83.8
2.5,57.3
4.7,87.2
4.7,76.8
4.7,84.9
3.5,62.5
6.0,95.2
3.4,66.7
3.2,60.0
1.7,44.9
2.3,54.6
0.8,31.7
4.3,80.3
2.0,43.2
2.3,58.2
5.1,87.2
2.5,53.4
2.0,46.6
1.5,40.5
5.1,83.2
1.3,39.8
3.2,66.2
3.5,72.1
4.6,78.6
4.3,71.5
5.4,85.2
0.8,33.6
2.3,47.8
2.2,46.2
1.4,48.4
2.2,51.4
2.4,49.7
3.6,69.3
4.5,72.6
2.8,53.4
4.8,77.4
2.5,59.5
2.2,49.4
3.7,59.0
0.6,36.1
1.0,35.4
3.0,53.0
6.2,95.2
4.8,82.0
1.0,37.9
5.6,95.7
4.9,78.4
4.2,73.5
5.4,84.7
2.9,53.0
1.8,48.8
3.6,68.0
3.8,69.7
3.7,69.0
3.9,67.5
6.2,92.8
5.9,93.0
5.8,95.8
5.3,91.6
6.2,99.1
1.1,37.8
2.1,50.1
3.5,65.3
5.6,85.8
3.5,65.3
5.0,77.8
1.3,39.5
2.0,53.7
4.9,84.2
1.5,39.0
2.6,54.6
2.1,46.2
2.6,54.7
4.7,82.7
2.7,58.3
3.8,77.4
1.1,41.8
5.3,86.7
2.7,58.4
4.4,74.9
4.9,77.4
1.8,50.3
5.8,95.2
4.2,72.5
3.1,61.6
1.6,47.7
6.2,99.3
5.0,77.4
1.7,45.4
2.5,53.2
5.4,91.0
4.7,82.7
5.1,88.3
3.1,56.7
4.8,77.5
2.8,61.1
1.8,43.6
4.3,69.1
6.4,100.0
2.4,50.7
3.3,69.2
4.5,77.8
3.7,68.1
5.6,88.1
5.1,89.2
0.8,35.5
6.5,98.3
5.0,79.7
5.7,90.3
4.4,72.2
5.6,93.0
1.2,32.5
2.6,54.4
5.8,93.8
1.7,45.7
1.0,34.0
5.2,87.1
5.5,85.1
1.5,42.2
5.6,91.7
4.6,79.5
3.6,64.0
5.5,92.4
3.0,59.8
1.7,47.2
2.2,55.7
3.5,69.2
3.7,71.5
5.3,86.6
5.2,87.6
4.0,71.7
5.2,80.6
1.7,45.6
0.8,35.1
5.7,92.6
1.0,36.1
2.0,45.3
4.7,81.3
3.0,54.9
5.8,96.8
2.3,50.6
0.6,32.8
2.3,53.4
4.0,73.1
2.8,52.3
3.7,70.4
5.8,92.8
6.0,91.8
2.1,46.5
3.3,61.8
3.8,64.2
6.2,100.0
6.5,100.0
1.9,48.4
4.9,80.6
2.8,56.5
0.5,33.4
0.6,38.1
3.3,61.0
3.4,60.2
0.6,37.3
4.6,71.6
2.3,47.9
3.9,69.0
2.3,46.0
1.5,46.1
2.9,61.3
1.9,44.8
3.7,72.0
1.7,49.6
3.6,66.0
1.4,39.5
4.5,84.7
5.0,85.0
1.2,39.7
3.3,67.7
0.9,36.4
4.1,70.4
2.1,49.4
3.7,71.2
3.6,59.4
6.0,93.0
3.8,73.5
4.0,69.2
2.9,63.8
6.2,100.0
5.2,84.6
2.2,48.3
5.6,88.4
3.1,70.0
5.5,94.8
5.4,87.5
1.6,41.3
4.7,79.5
2.2,51.2
2.3,47.1
2.3,51.7
4.9,86.0
1.9,40.6
0.5,33.6
4.8,85.0
1.5,40.3
1.1,43.6
1.9,44.4
2.8,58.7
3.4,63.0
0.8,33.1
6.3,95.3
4.8,82.6
2.4,55.6
2.4,52.4
3.2,57.0
4.3,75.9
1.4,42.6
1.6,42.6
5.7,97.1
2.0,42.5
2.8,49.4
5.7,88.0
4.5,79.2
2.6,51.2
4.6,74.5
0.6,35.2
4.9,83.0
3.4,65.4
5.4,89.8
6.2,94.8
6.1,93.8
6.0,96.8
3.6,61.7
2.7,48.6
3.3,61.4
4.6,81.2
5.8,92.6
1.7,47.6
6.0,86.9
5.4,88.2
6.4,100.0
5.8,87.0
2.2,53.3
1.1,37.3
1.2,49.5
2.2,42.7
4.2,78.1
5.3,84.6
5.9,87.2
4.2,71.5
0.5,31.7
1.6,47.0
1.1,43.7
2.7,61.0
3.5,61.9
0.8,38.2
2.6,56.3
1.6,41.1
4.4,74.9
3.3,60.5
3.5,65.4
3.1,58.1
6.2,92.7
1.8,47.4
3.6,68.6
4.9,80.7
3.8,73.5
6.1,94.2
2.8,56.1
3.3,65.3
1.0,36.0
4.2,73.6
2.2,41.5
1.5,42.3
3.8,62.3
3.7,63.3
1.0,31.8
4.7,75.4
4.2,71.4
1.6,41.7
3.3,65.3
4.8,81.0
3.7,60.9
2.9,58.6
2.4,53.7
4.2,72.2
6.1,94.9
4.5,77.4
0.9,38.0
3.3,57.4
5.8,90.8
1.1,42.9
6.4,100.0
6.2,99.3
1.0,38.4
6.1,100.0
2.7,62.8
5.6,88.9
3.0,56.1
3.1,59.7
4.3,85.3
5.1,78.2
0.7,31.4
4.1,67.2
1.6,43.8
2.6,50.7
2.6,54.5
3.3,56.1
2.5,55.9
1.1,41.9
1.4,39.8
0.7,32.6
3.3,62.4
6.2,96.9
1.2,38.7
6.2,99.0
4.9,85.7
4.3,71.6
4.4,74.5
5.5,91.4
1.1,32.7
3.5,58.4
4.7,79.8
4.0,72.7
5.5,85.7
0.9,33.3
4.6,75.2
3.7,64.5
2.8,59.6
2.5,49.6
4.2,72.4
5.8,88.5
3.5,60.2
5.4,90.1
2.9,56.5
1.1,38.3
0.9,30.1
0.8,31.6
2.8,59.8
2.5,62.8
4.8,73.3
5.0,81.8
0.8,35.6
1.8,43.5
2.1,52.1
3.8,65.7
1.4,41.6
1.3,38.1
6.2,100.0
5.3,83.6
1.6,42.2
2.9,61.7
2.6,51.3
5.2,85.0
3.6,60.0
1.3,36.1
4.9,82.7
2.9,54.9
2.1,47.2
2.8,58.9
3.5,63.2
2.6,57.8
2.0,48.8
2.9,59.9
0.6,36.2
5.1,84.8
1.5,47.6
0.8,37.4
4.4,73.8
5.1,88.2
5.4,88.0
3.5,63.9
1.7,45.5
4.9,85.2
4.7,80.6
2.0,54.4
5.9,96.7
1.1,39.5
6.4,95.0
5.7,89.9
4.6,78.2
6.1,97.6
4.8,82.4
1.6,44.0
3.2,62.2
0.9,37.9
2.8,54.2
4.9,87.3
2.8,50.0
2.5,58.8
4.1,72.0
5.7,94.1
0.8,35.5
2.8,58.4
1.4,43.0
4.7,81.9
1.1,36.5
4.5,80.4
2.2,46.5
1.7,44.5
6.1,98.1
0.6,35.4
3.1,62.3
0.6,30.5
3.4,67.2
3.5,62.9
2.4,58.7
1.3,39.7
2.8,51.8
4.5,72.6
5.2,85.0
3.7,68.0
4.0,77.9
1.7,40.9
2.2,50.4
1.5,38.5
2.0,46.3
1.8,51.6
3.6,62.4
3.9,71.9
6.2,97.7
1.7,44.5
4.4,77.4
5.4,83.0
3.9,75.6
2.0,54.7
2.1,49.3
0.7,41.5
2.3,50.1
5.0,83.9
0.8,39.2
1.8,44.1
4.7,74.2
5.2,79.2
3.2,69.0
4.7,77.2
2.8,56.5
1.5,38.4
2.9,61.7
4.0,68.3
6.2,94.6
0.9,36.4
3.5,61.5
2.5,53.1
3.5,70.2
0.6,33.4
2.4,53.1
5.4,87.9
3.8,67.3
3.2,68.8
2.2,47.5
2.3,52.2
2.8,57.6
5.5,91.8
6.3,100.0
3.1,60.5
2.9,59.4
5.6,90.5
3.1,52.7
3.8,63.1
1.9,44.7
5.0,80.5
3.7,63.4
5.4,89.7
5.2,84.8
1.8,44.9
4.8,75.8
5.3,85.8
2.6,45.7
1.5,41.7
0.5,31.0
3.2,62.6
2.6,49.4
3.8,69.5
1.6,39.8
5.7,87.7
2.0,50.5
1.9,53.9
3.4,64.3
3.5,62.4
1.8,46.4
2.1,52.4
1.5,44.4
4.8,89.8
5.1,81.1
3.3,63.8
4.8,85.6
4.9,86.6
1.3,33.1
6.3,97.4
5.4,92.3
1.7,54.7
1.6,45.9
1.3,38.7
1.3,36.4
5.0,90.3
3.3,65.5
5.2,81.8
5.0,81.8
4.1,73.2
4.6,79.8
0.6,28.8
2.4,50.5
4.3,68.7
0.6,35.5
0.7,31.9
5.6,91.0
4.6,82.9
2.1,49.9
4.6,77.5
5.3,86.6
2.3,51.7
0.7,37.4
6.1,96.2
2.6,53.0
1.1,41.3
3.5,69.6
5.1,79.0
1.8,51.1
2.1,50.4
2.0,49.0
6.5,100.0
1.7,42.6
4.0,74.3
6.1,93.8
1.4,35.9
6.3,94.0
6.2,98.3
5.8,88.4
1.8,51.3
4.3,78.6
5.1,88.3
6.4,99.0
1.6,44.3
5.1,79.5
2.5,57.2
1.6,44.7
3.0,61.5
5.3,91.9
3.3,60.8
3.7,67.1
6.5,100.0
2.9,55.1
4.2,72.6
2.7,57.8
2.9,57.2
4.7,83.6
6.1,89.9
3.8,72.6
5.1,86.0
1.0,34.5
1.8,42.5
3.5,58.0
0.6,29.1
2.0,51.7
3.6,66.2
0.6,36.0
2.1,47.0
3.6,68.9
3.9,67.3
6.1,91.8
4.4,75.2
3.0,57.2
6.1,89.8
5.2,84.2
1.7,44.9
1.3,44.4
4.6,81.2
3.9,74.1
5.2,87.3
4.9,82.5
4.3,70.1
6.4,99.1
3.7,69.6
1.2,43.9
5.5,90.7
2.0,52.3
5.2,81.2
6.2,95.2
4.7,80.6
4.1,76.2
3.3,62.4
2.7,55.8
2.6,57.3
4.3,70.5
5.0,88.1
4.6,74.8
1.7,37.8
3.5,65.3
5.2,90.7
3.4,66.2
3.7,70.2
5.1,83.8
4.5,76.2
3.0,54.1
5.9,84.9
1.5,42.9
6.5,100.0
1.2,40.0
0.6,34.1
5.8,97.2
2.0,49.2
4.9,80.9
5.4,84.2
5.7,97.6
6.4,100.0
2.3,48.1
4.8,76.1
1.2,43.2
2.9,54.7
5.6,95.9
2.7,46.4
4.0,76.0
3.5,67.0
4.4,76.0
6.3,96.8
0.8,40.8
3.9,72.3
5.7,87.4
3.4,58.1
1.0,37.1
3.9,69.8
2.5,48.4
1.4,40.9
5.6,87.4
3.6,66.4
6.1,97.7
5.3,91.2
4.7,82.2
0.5,28.2
3.1,61.9
1.7,44.8
6.0,89.3
1.5,43.6
2.2,56.8
3.6,66.5
2.1,43.6
1.8,45.8
4.1,67.9
1.0,39.5
0.8,36.0
2.7,55.5
4.8,79.0
3.8,68.0
3.0,59.5
3.9,67.1
2.7,51.2
6.1,99.1
0.8,32.9
4.5,77.3
5.8,92.7
5.3,87.1
1.6,39.3
2.3,45.6
4.8,78.1
1.0,37.9
5.4,84.6
4.8,79.0
4.9,88.8
1.1,31.2
4.8,77.6
4.6,84.5
5.5,88.1
0.7,30.6
0.6,36.0
2.7,56.2
1.4,39.9
3.9,70.5
6.0,91.7
2.8,53.6
5.6,89.0
0.5,27.2
1.5,42.3
0.7,34.3
2.5,56.7
5.9,96.8
1.1,36.2
4.1,73.9
3.2,63.5
6.1,96.3
1.2,37.1
1.8,42.1
0.7,34.8
3.1,54.7
2.2,49.4
5.7,81.6
4.1,67.5
4.2,70.2
3.7,71.4
1.1,40.1
3.2,59.9
6.5,100.0
5.5,91.4
5.9,92.3
5.4,82.3
1.1,36.9
1.9,46.5
0.5,26.4
2.3,52.7
1.2,39.8
3.3,64.5
4.6,78.9
5.7,93.1
5.0,81.9
6.1,95.9
0.8,32.8
0.6,29.9
4.5,81.4
2.2,43.1
2.0,51.1
2.5,51.6
2.1,46.5
3.6,67.3
3.1,55.4
3.6,63.5
4.5,73.8
2.8,56.4
2.0,45.2
1.5,47.9
2.6,61.2
5.0,75.4
5.0,84.4
4.5,79.8
1.9,48.8
4.0,68.7
3.9,69.0
3.4,61.5
3.8,67.2
3.5,61.0
3.9,69.4
4.8,74.9
1.2,38.1
5.0,78.1
1.3,40.7
0.9,33.0
6.4,99.6
6.2,100.0
0.9,40.9
3.2,53.0
1.6,40.5
3.4,63.0
5.5,89.9
6.2,90.5
4.3,71.0
2.6,55.4
4.1,72.4
2.4,53.9
6.0,95.6
5.7,91.7
3.8,69.4
2.4,52.8
2.3,53.8
0.7,25.2
5.4,92.5
3.2,54.1
2.5,50.0
3.3,62.2
5.4,89.5
1.2,28.3
5.6,89.3
5.9,95.6
6.2,99.8
2.9,55.9
2.8,53.0